application_id,candidate_id,job_id,applied_date
1,206,46,2026-08-19
2,25,50,2026-08-19
3,88,44,2026-08-19
4,477,6,2026-08-19
5,155,28,2026-08-19
6,108,44,2026-08-19
7,418,27,2026-08-19
8,477,15,2026-08-19
9,117,46,2026-08-19
10,135,33,2026-08-19
11,204,8,2026-08-19
12,99,23,2026-08-19
13,229,1,2026-08-19
14,48,10,2026-08-19
15,231,44,2026-08-19
16,22,34,2026-08-19
17,357,37,2026-08-19
18,237,42,2026-08-19
19,10,23,2026-08-19
20,122,17,2026-08-19
21,150,49,2026-08-19
22,347,37,2026-08-19
23,159,7,2026-08-19
24,76,50,2026-08-19
25,243,22,2026-08-19
26,410,3,2026-08-19
27,246,12,2026-08-19
28,154,10,2026-08-19
29,181,32,2026-08-19
30,257,30,2026-08-19
31,184,18,2026-08-19
32,51,5,2026-08-19
33,333,17,2026-08-19
34,242,31,2026-08-19
35,187,35,2026-08-19
36,136,20,2026-08-19
37,432,18,2026-08-19
38,203,10,2026-08-19
39,31,19,2026-08-19
40,240,41,2026-08-19
41,167,30,2026-08-19
42,22,42,2026-08-19
43,211,42,2026-08-19
44,164,9,2026-08-19
45,272,24,2026-08-19
46,179,17,2026-08-19
47,125,49,2026-08-19
48,499,41,2026-08-19
49,4,17,2026-08-19
50,206,44,2026-08-19
51,109,7,2026-08-19
52,145,12,2026-08-19
53,112,10,2026-08-19
54,415,13,2026-08-19
55,75,22,2026-08-19
56,108,50,2026-08-19
57,493,21,2026-08-19
58,184,47,2026-08-19
59,193,11,2026-08-19
60,95,41,2026-08-19
61,169,50,2026-08-19
62,129,43,2026-08-19
63,55,48,2026-08-19
64,81,15,2026-08-19
65,225,35,2026-08-19
66,4,41,2026-08-19
67,164,14,2026-08-19
68,438,49,2026-08-19
69,303,37,2026-08-19
70,309,19,2026-08-19
71,452,13,2026-08-19
72,390,20,2026-08-19
73,331,8,2026-08-19
74,200,26,2026-08-19
75,194,47,2026-08-19
76,480,8,2026-08-19
77,404,33,2026-08-19
78,489,14,2026-08-19
79,464,22,2026-08-19
80,12,41,2026-08-19
81,66,24,2026-08-19
82,394,50,2026-08-19
83,74,38,2026-08-19
84,316,30,2026-08-19
85,361,21,2026-08-19
86,418,8,2026-08-19
87,110,44,2026-08-19
88,389,11,2026-08-19
89,229,27,2026-08-19
90,480,41,2026-08-19
91,282,38,2026-08-19
92,418,8,2026-08-19
93,368,9,2026-08-19
94,220,24,2026-08-19
95,145,40,2026-08-19
96,360,35,2026-08-19
97,320,43,2026-08-19
98,107,19,2026-08-19
99,342,8,2026-08-19
100,464,42,2026-08-19
101,474,23,2026-08-19
102,298,7,2026-08-19
103,73,49,2026-08-19
104,49,1,2026-08-19
105,101,6,2026-08-19
106,379,43,2026-08-19
107,106,12,2026-08-19
108,212,3,2026-08-19
109,140,12,2026-08-19
110,475,49,2026-08-19
111,39,13,2026-08-19
112,337,24,2026-08-19
113,477,37,2026-08-19
114,467,2,2026-08-19
115,113,31,2026-08-19
116,172,50,2026-08-19
117,180,4,2026-08-19
118,283,37,2026-08-19
119,359,45,2026-08-19
120,317,14,2026-08-19
121,314,23,2026-08-19
122,50,41,2026-08-19
123,389,21,2026-08-19
124,28,8,2026-08-19
125,339,15,2026-08-19
126,127,16,2026-08-19
127,67,4,2026-08-19
128,445,40,2026-08-19
129,274,45,2026-08-19
130,322,23,2026-08-19
131,495,24,2026-08-19
132,112,31,2026-08-19
133,355,48,2026-08-19
134,290,26,2026-08-19
135,35,32,2026-08-19
136,204,27,2026-08-19
137,235,35,2026-08-19
138,181,21,2026-08-19
139,159,28,2026-08-19
140,372,37,2026-08-19
141,353,1,2026-08-19
142,345,48,2026-08-19
143,226,22,2026-08-19
144,98,12,2026-08-19
145,110,13,2026-08-19
146,9,45,2026-08-19
147,141,42,2026-08-19
148,270,26,2026-08-19
149,407,6,2026-08-19
150,477,10,2026-08-19
151,278,22,2026-08-19
152,111,7,2026-08-19
153,358,36,2026-08-19
154,477,19,2026-08-19
155,28,22,2026-08-19
156,13,21,2026-08-19
157,237,50,2026-08-19
158,446,50,2026-08-19
159,4,11,2026-08-19
160,215,8,2026-08-19
161,58,30,2026-08-19
162,134,25,2026-08-19
163,446,40,2026-08-19
164,424,7,2026-08-19
165,283,27,2026-08-19
166,162,50,2026-08-19
167,398,41,2026-08-19
168,221,30,2026-08-19
169,232,50,2026-08-19
170,445,21,2026-08-19
171,381,19,2026-08-19
172,286,14,2026-08-19
173,41,14,2026-08-19
174,406,2,2026-08-19
175,280,7,2026-08-19
176,95,44,2026-08-19
177,159,37,2026-08-19
178,95,31,2026-08-19
179,174,5,2026-08-19
180,231,13,2026-08-19
181,412,39,2026-08-19
182,50,27,2026-08-19
183,335,23,2026-08-19
184,326,29,2026-08-19
185,156,36,2026-08-19
186,276,34,2026-08-19
187,442,13,2026-08-19
188,420,27,2026-08-19
189,248,8,2026-08-19
190,294,14,2026-08-19
191,150,13,2026-08-19
192,302,38,2026-08-19
193,475,8,2026-08-19
194,422,26,2026-08-19
195,174,8,2026-08-19
196,257,41,2026-08-19
197,247,24,2026-08-19
198,95,17,2026-08-19
199,94,17,2026-08-19
200,22,22,2026-08-19
201,151,1,2026-08-19
202,302,46,2026-08-19
203,489,19,2026-08-19
204,489,23,2026-08-19
205,451,6,2026-08-19
206,209,40,2026-08-19
207,474,31,2026-08-19
208,496,47,2026-08-19
209,226,20,2026-08-19
210,34,15,2026-08-19
211,156,21,2026-08-19
212,424,44,2026-08-19
213,466,39,2026-08-19
214,414,3,2026-08-19
215,406,23,2026-08-19
216,374,11,2026-08-19
217,128,3,2026-08-19
218,126,46,2026-08-19
219,486,39,2026-08-19
220,487,47,2026-08-19
221,493,13,2026-08-19
222,60,19,2026-08-19
223,296,14,2026-08-19
224,164,3,2026-08-19
225,115,43,2026-08-19
226,35,20,2026-08-19
227,415,35,2026-08-19
228,401,36,2026-08-19
229,158,49,2026-08-19
230,306,32,2026-08-19
231,353,3,2026-08-19
232,340,12,2026-08-19
233,71,29,2026-08-19
234,332,15,2026-08-19
235,205,47,2026-08-19
236,16,7,2026-08-19
237,205,44,2026-08-19
238,88,11,2026-08-19
239,256,14,2026-08-19
240,303,9,2026-08-19
241,69,31,2026-08-19
242,188,8,2026-08-19
243,443,8,2026-08-19
244,451,34,2026-08-19
245,97,13,2026-08-19
246,397,37,2026-08-19
247,304,29,2026-08-19
248,44,25,2026-08-19
249,138,42,2026-08-19
250,206,31,2026-08-19
251,337,38,2026-08-19
252,179,37,2026-08-19
253,112,48,2026-08-19
254,471,22,2026-08-19
255,407,17,2026-08-19
256,139,12,2026-08-19
257,263,31,2026-08-19
258,279,7,2026-08-19
259,73,48,2026-08-19
260,480,44,2026-08-19
261,192,28,2026-08-19
262,343,17,2026-08-19
263,389,7,2026-08-19
264,17,1,2026-08-19
265,245,34,2026-08-19
266,203,8,2026-08-19
267,360,46,2026-08-19
268,142,38,2026-08-19
269,203,20,2026-08-19
270,259,12,2026-08-19
271,250,10,2026-08-19
272,366,46,2026-08-19
273,89,17,2026-08-19
274,101,18,2026-08-19
275,15,2,2026-08-19
276,291,15,2026-08-19
277,450,4,2026-08-19
278,403,33,2026-08-19
279,257,46,2026-08-19
280,3,44,2026-08-19
281,318,20,2026-08-19
282,453,37,2026-08-19
283,391,32,2026-08-19
284,491,1,2026-08-19
285,101,17,2026-08-19
286,441,40,2026-08-19
287,15,40,2026-08-19
288,223,44,2026-08-19
289,34,41,2026-08-19
290,103,43,2026-08-19
291,494,15,2026-08-19
292,404,43,2026-08-19
293,36,16,2026-08-19
294,218,44,2026-08-19
295,315,11,2026-08-19
296,302,1,2026-08-19
297,117,37,2026-08-19
298,399,46,2026-08-19
299,302,6,2026-08-19
300,289,43,2026-08-19
301,254,38,2026-08-19
302,345,6,2026-08-19
303,179,18,2026-08-19
304,493,5,2026-08-19
305,275,33,2026-08-19
306,416,27,2026-08-19
307,66,4,2026-08-19
308,327,41,2026-08-19
309,177,22,2026-08-19
310,56,10,2026-08-19
311,34,16,2026-08-19
312,346,25,2026-08-19
313,469,8,2026-08-19
314,160,10,2026-08-19
315,490,4,2026-08-19
316,295,9,2026-08-19
317,277,30,2026-08-19
318,463,15,2026-08-19
319,102,19,2026-08-19
320,175,17,2026-08-19
321,267,11,2026-08-19
322,390,33,2026-08-19
323,40,22,2026-08-19
324,65,27,2026-08-19
325,268,22,2026-08-19
326,226,22,2026-08-19
327,29,49,2026-08-19
328,262,32,2026-08-19
329,488,13,2026-08-19
330,178,37,2026-08-19
331,109,4,2026-08-19
332,382,14,2026-08-19
333,174,2,2026-08-19
334,219,11,2026-08-19
335,117,27,2026-08-19
336,15,46,2026-08-19
337,113,13,2026-08-19
338,474,47,2026-08-19
339,363,45,2026-08-19
340,304,36,2026-08-19
341,262,2,2026-08-19
342,119,28,2026-08-19
343,382,31,2026-08-19
344,50,35,2026-08-19
345,186,5,2026-08-19
346,385,21,2026-08-19
347,128,14,2026-08-19
348,349,4,2026-08-19
349,303,25,2026-08-19
350,344,12,2026-08-19
351,165,6,2026-08-19
352,235,15,2026-08-19
353,249,47,2026-08-19
354,221,27,2026-08-19
355,451,14,2026-08-19
356,380,7,2026-08-19
357,154,25,2026-08-19
358,300,49,2026-08-19
359,194,24,2026-08-19
360,168,39,2026-08-19
361,110,1,2026-08-19
362,269,1,2026-08-19
363,268,13,2026-08-19
364,390,19,2026-08-19
365,204,41,2026-08-19
366,382,30,2026-08-19
367,484,19,2026-08-19
368,473,32,2026-08-19
369,293,17,2026-08-19
370,19,41,2026-08-19
371,84,7,2026-08-19
372,359,48,2026-08-19
373,238,2,2026-08-19
374,312,6,2026-08-19
375,429,33,2026-08-19
376,412,23,2026-08-19
377,441,24,2026-08-19
378,27,32,2026-08-19
379,474,40,2026-08-19
380,142,9,2026-08-19
381,244,22,2026-08-19
382,17,24,2026-08-19
383,100,20,2026-08-19
384,260,43,2026-08-19
385,86,22,2026-08-19
386,131,44,2026-08-19
387,216,13,2026-08-19
388,322,48,2026-08-19
389,455,42,2026-08-19
390,487,47,2026-08-19
391,310,41,2026-08-19
392,16,16,2026-08-19
393,281,6,2026-08-19
394,422,6,2026-08-19
395,228,36,2026-08-19
396,109,13,2026-08-19
397,259,20,2026-08-19
398,73,8,2026-08-19
399,366,36,2026-08-19
400,6,21,2026-08-19
401,268,20,2026-08-19
402,450,3,2026-08-19
403,6,41,2026-08-19
404,297,21,2026-08-19
405,4,36,2026-08-19
406,340,40,2026-08-19
407,69,28,2026-08-19
408,474,32,2026-08-19
409,432,41,2026-08-19
410,433,41,2026-08-19
411,324,13,2026-08-19
412,303,50,2026-08-19
413,132,14,2026-08-19
414,484,47,2026-08-19
415,151,28,2026-08-19
416,276,23,2026-08-19
417,280,30,2026-08-19
418,168,46,2026-08-19
419,114,14,2026-08-19
420,70,25,2026-08-19
421,57,24,2026-08-19
422,304,12,2026-08-19
423,64,5,2026-08-19
424,491,43,2026-08-19
425,224,24,2026-08-19
426,64,20,2026-08-19
427,353,12,2026-08-19
428,308,48,2026-08-19
429,268,26,2026-08-19
430,286,7,2026-08-19
431,37,2,2026-08-19
432,385,21,2026-08-19
433,24,40,2026-08-19
434,284,20,2026-08-19
435,480,8,2026-08-19
436,140,8,2026-08-19
437,25,47,2026-08-19
438,295,8,2026-08-19
439,116,14,2026-08-19
440,406,48,2026-08-19
441,256,8,2026-08-19
442,237,12,2026-08-19
443,418,4,2026-08-19
444,198,18,2026-08-19
445,378,4,2026-08-19
446,403,26,2026-08-19
447,304,30,2026-08-19
448,157,45,2026-08-19
449,410,20,2026-08-19
450,359,4,2026-08-19
451,140,2,2026-08-19
452,451,32,2026-08-19
453,54,6,2026-08-19
454,285,31,2026-08-19
455,201,40,2026-08-19
456,193,36,2026-08-19
457,380,19,2026-08-19
458,67,3,2026-08-19
459,172,8,2026-08-19
460,367,13,2026-08-19
461,214,12,2026-08-19
462,295,13,2026-08-19
463,168,3,2026-08-19
464,101,44,2026-08-19
465,332,15,2026-08-19
466,436,26,2026-08-19
467,96,41,2026-08-19
468,131,34,2026-08-19
469,153,33,2026-08-19
470,93,47,2026-08-19
471,209,34,2026-08-19
472,215,41,2026-08-19
473,295,9,2026-08-19
474,258,9,2026-08-19
475,369,17,2026-08-19
476,96,20,2026-08-19
477,459,7,2026-08-19
478,243,30,2026-08-19
479,428,40,2026-08-19
480,396,50,2026-08-19
481,398,44,2026-08-19
482,106,26,2026-08-19
483,352,20,2026-08-19
484,263,9,2026-08-19
485,289,43,2026-08-19
486,136,48,2026-08-19
487,323,34,2026-08-19
488,219,41,2026-08-19
489,405,46,2026-08-19
490,19,33,2026-08-19
491,8,4,2026-08-19
492,57,45,2026-08-19
493,367,3,2026-08-19
494,174,14,2026-08-19
495,141,19,2026-08-19
496,95,18,2026-08-19
497,384,18,2026-08-19
498,395,8,2026-08-19
499,338,11,2026-08-19
500,303,3,2026-08-19
501,32,7,2026-08-19
502,207,34,2026-08-19
503,130,22,2026-08-19
504,334,31,2026-08-19
505,169,26,2026-08-19
506,448,27,2026-08-19
507,403,12,2026-08-19
508,430,8,2026-08-19
509,320,46,2026-08-19
510,235,3,2026-08-19
511,394,29,2026-08-19
512,420,37,2026-08-19
513,276,28,2026-08-19
514,286,11,2026-08-19
515,369,34,2026-08-19
516,381,46,2026-08-19
517,315,6,2026-08-19
518,74,27,2026-08-19
519,57,30,2026-08-19
520,23,23,2026-08-19
521,100,14,2026-08-19
522,38,31,2026-08-19
523,8,40,2026-08-19
524,23,16,2026-08-19
525,382,48,2026-08-19
526,430,14,2026-08-19
527,96,46,2026-08-19
528,292,46,2026-08-19
529,215,17,2026-08-19
530,415,14,2026-08-19
531,326,43,2026-08-19
532,489,47,2026-08-19
533,470,6,2026-08-19
534,475,21,2026-08-19
535,459,34,2026-08-19
536,103,50,2026-08-19
537,305,41,2026-08-19
538,411,45,2026-08-19
539,188,25,2026-08-19
540,353,37,2026-08-19
541,381,19,2026-08-19
542,243,44,2026-08-19
543,307,11,2026-08-19
544,245,19,2026-08-19
545,285,4,2026-08-19
546,63,49,2026-08-19
547,138,14,2026-08-19
548,445,36,2026-08-19
549,364,46,2026-08-19
550,110,4,2026-08-19
551,133,6,2026-08-19
552,1,38,2026-08-19
553,235,20,2026-08-19
554,473,20,2026-08-19
555,479,21,2026-08-19
556,133,5,2026-08-19
557,313,25,2026-08-19
558,292,13,2026-08-19
559,395,6,2026-08-19
560,203,13,2026-08-19
561,408,5,2026-08-19
562,297,16,2026-08-19
563,231,23,2026-08-19
564,472,44,2026-08-19
565,159,5,2026-08-19
566,31,25,2026-08-19
567,180,49,2026-08-19
568,282,12,2026-08-19
569,12,29,2026-08-19
570,18,41,2026-08-19
571,329,43,2026-08-19
572,9,14,2026-08-19
573,444,15,2026-08-19
574,477,20,2026-08-19
575,316,44,2026-08-19
576,432,29,2026-08-19
577,231,14,2026-08-19
578,478,10,2026-08-19
579,100,27,2026-08-19
580,341,21,2026-08-19
581,322,30,2026-08-19
582,196,13,2026-08-19
583,262,34,2026-08-19
584,283,39,2026-08-19
585,425,46,2026-08-19
586,15,18,2026-08-19
587,243,28,2026-08-19
588,81,16,2026-08-19
589,71,7,2026-08-19
590,467,38,2026-08-19
591,443,7,2026-08-19
592,482,1,2026-08-19
593,467,31,2026-08-19
594,3,22,2026-08-19
595,347,28,2026-08-19
596,50,43,2026-08-19
597,95,50,2026-08-19
598,40,46,2026-08-19
599,453,17,2026-08-19
600,27,7,2026-08-19
601,392,31,2026-08-19
602,197,39,2026-08-19
603,463,1,2026-08-19
604,371,31,2026-08-19
605,346,16,2026-08-19
606,307,49,2026-08-19
607,253,42,2026-08-19
608,471,40,2026-08-19
609,356,46,2026-08-19
610,459,32,2026-08-19
611,283,17,2026-08-19
612,31,11,2026-08-19
613,471,5,2026-08-19
614,30,5,2026-08-19
615,253,35,2026-08-19
616,316,13,2026-08-19
617,383,11,2026-08-19
618,232,40,2026-08-19
619,270,45,2026-08-19
620,350,27,2026-08-19
621,174,6,2026-08-19
622,26,47,2026-08-19
623,327,40,2026-08-19
624,9,25,2026-08-19
625,18,23,2026-08-19
626,347,15,2026-08-19
627,40,42,2026-08-19
628,125,16,2026-08-19
629,359,19,2026-08-19
630,354,10,2026-08-19
631,61,17,2026-08-19
632,102,4,2026-08-19
633,388,46,2026-08-19
634,390,22,2026-08-19
635,474,8,2026-08-19
636,41,30,2026-08-19
637,491,37,2026-08-19
638,115,21,2026-08-19
639,403,30,2026-08-19
640,397,30,2026-08-19
641,207,26,2026-08-19
642,106,37,2026-08-19
643,408,11,2026-08-19
644,422,5,2026-08-19
645,24,34,2026-08-19
646,181,43,2026-08-19
647,409,48,2026-08-19
648,465,37,2026-08-19
649,432,9,2026-08-19
650,382,25,2026-08-19
651,478,26,2026-08-19
652,265,9,2026-08-19
653,115,21,2026-08-19
654,398,10,2026-08-19
655,489,18,2026-08-19
656,333,45,2026-08-19
657,472,28,2026-08-19
658,145,48,2026-08-19
659,371,29,2026-08-19
660,45,22,2026-08-19
661,296,12,2026-08-19
662,447,47,2026-08-19
663,57,1,2026-08-19
664,129,43,2026-08-19
665,342,28,2026-08-19
666,4,45,2026-08-19
667,182,5,2026-08-19
668,419,15,2026-08-19
669,115,46,2026-08-19
670,15,16,2026-08-19
671,144,37,2026-08-19
672,28,32,2026-08-19
673,141,33,2026-08-19
674,317,30,2026-08-19
675,39,16,2026-08-19
676,218,12,2026-08-19
677,202,4,2026-08-19
678,81,19,2026-08-19
679,63,22,2026-08-19
680,253,1,2026-08-19
681,249,30,2026-08-19
682,45,48,2026-08-19
683,65,12,2026-08-19
684,398,6,2026-08-19
685,471,11,2026-08-19
686,124,39,2026-08-19
687,155,38,2026-08-19
688,497,38,2026-08-19
689,406,48,2026-08-19
690,18,15,2026-08-19
691,40,3,2026-08-19
692,90,16,2026-08-19
693,343,18,2026-08-19
694,152,4,2026-08-19
695,344,43,2026-08-19
696,210,5,2026-08-19
697,252,27,2026-08-19
698,483,9,2026-08-19
699,454,11,2026-08-19
700,78,8,2026-08-19
701,208,26,2026-08-19
702,411,33,2026-08-19
703,23,13,2026-08-19
704,163,16,2026-08-19
705,317,4,2026-08-19
706,307,7,2026-08-19
707,370,10,2026-08-19
708,330,30,2026-08-19
709,209,44,2026-08-19
710,125,6,2026-08-19
711,393,29,2026-08-19
712,460,3,2026-08-19
713,347,50,2026-08-19
714,477,36,2026-08-19
715,390,19,2026-08-19
716,379,50,2026-08-19
717,17,18,2026-08-19
718,225,32,2026-08-19
719,386,24,2026-08-19
720,359,11,2026-08-19
721,120,41,2026-08-19
722,237,13,2026-08-19
723,112,32,2026-08-19
724,107,8,2026-08-19
725,236,27,2026-08-19
726,119,25,2026-08-19
727,220,19,2026-08-19
728,174,29,2026-08-19
729,445,6,2026-08-19
730,220,17,2026-08-19
731,216,38,2026-08-19
732,252,48,2026-08-19
733,51,41,2026-08-19
734,164,48,2026-08-19
735,388,37,2026-08-19
736,225,26,2026-08-19
737,36,2,2026-08-19
738,78,26,2026-08-19
739,218,50,2026-08-19
740,169,9,2026-08-19
741,137,24,2026-08-19
742,126,17,2026-08-19
743,177,47,2026-08-19
744,69,34,2026-08-19
745,29,11,2026-08-19
746,443,30,2026-08-19
747,141,14,2026-08-19
748,492,25,2026-08-19
749,206,28,2026-08-19
750,431,24,2026-08-19
751,202,6,2026-08-19
752,395,49,2026-08-19
753,474,48,2026-08-19
754,448,38,2026-08-19
755,333,24,2026-08-19
756,147,44,2026-08-19
757,440,49,2026-08-19
758,169,35,2026-08-19
759,58,1,2026-08-19
760,36,3,2026-08-19
761,362,13,2026-08-19
762,21,44,2026-08-19
763,447,7,2026-08-19
764,144,35,2026-08-19
765,476,23,2026-08-19
766,74,12,2026-08-19
767,252,28,2026-08-19
768,364,17,2026-08-19
769,377,8,2026-08-19
770,274,14,2026-08-19
771,200,27,2026-08-19
772,154,39,2026-08-19
773,183,39,2026-08-19
774,201,11,2026-08-19
775,431,5,2026-08-19
776,41,42,2026-08-19
777,26,6,2026-08-19
778,69,40,2026-08-19
779,237,11,2026-08-19
780,207,26,2026-08-19
781,228,27,2026-08-19
782,35,6,2026-08-19
783,273,2,2026-08-19
784,280,12,2026-08-19
785,91,14,2026-08-19
786,260,33,2026-08-19
787,177,31,2026-08-19
788,329,10,2026-08-19
789,53,2,2026-08-19
790,60,42,2026-08-19
791,115,17,2026-08-19
792,171,3,2026-08-19
793,132,15,2026-08-19
794,36,49,2026-08-19
795,58,9,2026-08-19
796,182,37,2026-08-19
797,56,19,2026-08-19
798,94,4,2026-08-19
799,284,15,2026-08-19
800,467,6,2026-08-19
801,387,22,2026-08-19
802,105,30,2026-08-19
803,464,17,2026-08-19
804,190,12,2026-08-19
805,375,28,2026-08-19
806,452,33,2026-08-19
807,321,30,2026-08-19
808,84,26,2026-08-19
809,142,2,2026-08-19
810,470,20,2026-08-19
811,1,1,2026-08-19
812,312,18,2026-08-19
813,29,24,2026-08-19
814,427,41,2026-08-19
815,117,13,2026-08-19
816,93,45,2026-08-19
817,114,2,2026-08-19
818,467,4,2026-08-19
819,213,22,2026-08-19
820,329,36,2026-08-19
821,471,22,2026-08-19
822,63,4,2026-08-19
823,203,14,2026-08-19
824,76,27,2026-08-19
825,487,23,2026-08-19
826,74,26,2026-08-19
827,195,26,2026-08-19
828,291,29,2026-08-19
829,303,6,2026-08-19
830,360,13,2026-08-19
831,352,38,2026-08-19
832,386,36,2026-08-19
833,197,22,2026-08-19
834,299,9,2026-08-19
835,209,2,2026-08-19
836,318,44,2026-08-19
837,26,22,2026-08-19
838,193,29,2026-08-19
839,230,42,2026-08-19
840,401,35,2026-08-19
841,160,26,2026-08-19
842,269,4,2026-08-19
843,212,26,2026-08-19
844,6,31,2026-08-19
845,78,1,2026-08-19
846,299,34,2026-08-19
847,32,10,2026-08-19
848,309,47,2026-08-19
849,282,24,2026-08-19
850,495,36,2026-08-19
851,119,47,2026-08-19
852,77,39,2026-08-19
853,199,11,2026-08-19
854,74,40,2026-08-19
855,125,24,2026-08-19
856,393,7,2026-08-19
857,348,46,2026-08-19
858,236,1,2026-08-19
859,24,5,2026-08-19
860,121,8,2026-08-19
861,415,25,2026-08-19
862,483,47,2026-08-19
863,43,5,2026-08-19
864,131,15,2026-08-19
865,91,3,2026-08-19
866,289,5,2026-08-19
867,148,19,2026-08-19
868,273,22,2026-08-19
869,220,31,2026-08-19
870,481,47,2026-08-19
871,288,5,2026-08-19
872,6,36,2026-08-19
873,352,1,2026-08-19
874,457,24,2026-08-19
875,51,11,2026-08-19
876,250,27,2026-08-19
877,228,28,2026-08-19
878,413,5,2026-08-19
879,486,4,2026-08-19
880,90,1,2026-08-19
881,35,24,2026-08-19
882,412,19,2026-08-19
883,70,43,2026-08-19
884,103,28,2026-08-19
885,320,7,2026-08-19
886,404,35,2026-08-19
887,437,26,2026-08-19
888,199,7,2026-08-19
889,335,9,2026-08-19
890,4,7,2026-08-19
891,449,19,2026-08-19
892,161,9,2026-08-19
893,216,1,2026-08-19
894,177,13,2026-08-19
895,268,34,2026-08-19
896,463,45,2026-08-19
897,370,31,2026-08-19
898,93,10,2026-08-19
899,92,40,2026-08-19
900,431,4,2026-08-19
901,80,35,2026-08-19
902,300,28,2026-08-19
903,171,30,2026-08-19
904,156,18,2026-08-19
905,422,21,2026-08-19
906,282,24,2026-08-19
907,264,44,2026-08-19
908,146,14,2026-08-19
909,493,2,2026-08-19
910,280,49,2026-08-19
911,396,12,2026-08-19
912,497,19,2026-08-19
913,194,29,2026-08-19
914,326,20,2026-08-19
915,49,41,2026-08-19
916,15,34,2026-08-19
917,257,39,2026-08-19
918,227,25,2026-08-19
919,42,1,2026-08-19
920,11,8,2026-08-19
921,474,26,2026-08-19
922,280,40,2026-08-19
923,178,8,2026-08-19
924,442,46,2026-08-19
925,337,42,2026-08-19
926,182,12,2026-08-19
927,164,11,2026-08-19
928,113,21,2026-08-19
929,210,12,2026-08-19
930,355,45,2026-08-19
931,91,39,2026-08-19
932,340,36,2026-08-19
933,314,25,2026-08-19
934,204,23,2026-08-19
935,441,19,2026-08-19
936,330,36,2026-08-19
937,437,8,2026-08-19
938,193,18,2026-08-19
939,439,50,2026-08-19
940,66,22,2026-08-19
941,143,39,2026-08-19
942,181,34,2026-08-19
943,470,24,2026-08-19
944,328,37,2026-08-19
945,225,26,2026-08-19
946,260,28,2026-08-19
947,45,41,2026-08-19
948,454,26,2026-08-19
949,336,29,2026-08-19
950,394,5,2026-08-19
951,186,25,2026-08-19
952,151,26,2026-08-19
953,172,47,2026-08-19
954,109,38,2026-08-19
955,438,8,2026-08-19
956,464,28,2026-08-19
957,448,34,2026-08-19
958,214,18,2026-08-19
959,341,37,2026-08-19
960,190,10,2026-08-19
961,365,12,2026-08-19
962,472,42,2026-08-19
963,215,3,2026-08-19
964,321,33,2026-08-19
965,369,36,2026-08-19
966,13,5,2026-08-19
967,89,33,2026-08-19
968,238,3,2026-08-19
969,105,37,2026-08-19
970,52,39,2026-08-19
971,75,13,2026-08-19
972,259,21,2026-08-19
973,169,31,2026-08-19
974,336,34,2026-08-19
975,305,49,2026-08-19
976,271,36,2026-08-19
977,246,13,2026-08-19
978,178,28,2026-08-19
979,309,36,2026-08-19
980,287,19,2026-08-19
981,48,19,2026-08-19
982,435,4,2026-08-19
983,456,1,2026-08-19
984,472,49,2026-08-19
985,187,36,2026-08-19
986,497,1,2026-08-19
987,130,1,2026-08-19
988,328,11,2026-08-19
989,170,49,2026-08-19
990,429,27,2026-08-19
991,34,5,2026-08-19
992,12,18,2026-08-19
993,148,23,2026-08-19
994,228,41,2026-08-19
995,138,25,2026-08-19
996,354,12,2026-08-19
997,71,43,2026-08-19
998,294,19,2026-08-19
999,257,3,2026-08-19
1000,335,40,2026-08-19
