candidate_id,candidate_name,email,phone,resume_info,skills
1,William Conway,carrieperez@example.com,390-879-8863x715,Clearly nice road she figure. Lot individual remain walk pull.,"Excel, Tableau, SQL"
2,David Wright,sprice@example.org,317-550-0910,Newspaper upon particular leader key station. Leave charge apply friend TV.,"Java, JavaScript, Tableau"
3,Courtney Sanders,tphillips@example.net,6192404698,Improve which interesting out. Trouble somebody of nothing factor leader.,"JavaScript, Tableau, Power BI"
4,Christine Snyder,boltonjustin@example.org,(674)987-5297x4925,Talk relate none real onto. Soon point land few. Statement explain radio politics easy book.,"Excel, Java, SQL"
5,Austin Fleming,kristenguzman@example.net,(985)481-0476,Sell fear raise fish push never. Class their trial break specific.,"SQL, Power BI, Python"
6,Adam Lambert,william57@example.net,952.914.5735x1911,Our environmental nation by hand truth guy simply.,"SQL, Excel, Python"
7,Krystal Michael,slamb@example.net,333.777.1756x6155,Bad teacher product detail show.,"Tableau, Java, JavaScript"
8,Amanda Salazar,andreamacias@example.net,001-553-971-9572x175,Plan including per bring face party heart.,"Power BI, Python, Excel"
9,Todd Soto,charlesallen@example.org,001-722-216-0242,Turn story set walk have your. Record increase leg sign choose leader.,"Python, JavaScript, Power BI"
10,Luke Perry,joannahowell@example.net,+1-543-232-6035,Policy same source scientist case find sister enjoy.,"Python, JavaScript, Tableau"
11,Rebecca Briggs,mmason@example.com,904.910.8626,Physical thus doctor run approach. Big support they particular.,"Excel, SQL, Power BI"
12,Anthony Wilkinson,loricollins@example.org,+1-450-291-0673,Also put mention me else per life start. Her machine firm director art.,"Tableau, SQL, Java"
13,Richard Clarke,ykennedy@example.org,995.573.9839,Including realize such. Paper class international any test agreement ever. Ok I recognize.,"Power BI, Python, Tableau"
14,Beth Bell,anamorales@example.org,367.317.0034x0451,Trade wind answer move grow each standard discuss.,"Python, JavaScript, Java"
15,Tyler Singleton,efitzgerald@example.net,001-923-932-5122x18314,Support star professor turn moment. View decade around one low bring democratic.,"Excel, Power BI, Python"
16,Jessica Garza,vmartin@example.net,926-740-3578x670,Past lose art democratic whom. Drop miss class away if first.,"JavaScript, Power BI, SQL"
17,Mary Mooney,jchavez@example.com,+1-331-757-1841,Series old wall suddenly. Address risk garden loss boy. Threat today leader set.,"SQL, Power BI, Python"
18,Kellie Johnson,johnsonphillip@example.org,(279)371-5130x74746,Various military hour executive city style Republican. First sign often we month threat.,"Python, Java, Power BI"
19,Linda Zimmerman,david40@example.org,7762660820,Guy total top product operation sound. Seek similar recognize business democratic.,"SQL, Python, Power BI"
20,Mrs. Erin Parker,alexander05@example.com,(735)768-8278,Lose something computer idea brother tough water. Every according strategy early fall young rise.,"Tableau, Excel, Power BI"
21,Michele Taylor,kevinthompson@example.net,493.938.8506,Human deep full health. Table organization drop he on.,"Python, Excel, SQL"
22,Deborah Miller,nmcintyre@example.com,(831)371-5719x71061,"Lose keep decade his.
Part building decade voice gun stock. Why my fast fire clear.","SQL, JavaScript, Java"
23,Jesse Reyes,silvabrandon@example.net,(922)230-7714,Most debate party site season course decade perhaps. Parent as range attorney.,"JavaScript, Python, Tableau"
24,Jodi Kline,clarkdavid@example.net,+1-418-416-7130x68664,Save lay institution. Despite your hour do discover chair material. Statement shoulder lose heart.,"Python, SQL, Tableau"
25,Carrie Mills,xsmith@example.net,539-594-6248x54284,Music leave how conference speech institution bad. Civil edge may impact language stand.,"Excel, SQL, Java"
26,Kelly Flores,cassidytaylor@example.com,+1-314-749-0066,Off including smile reach beyond. Realize be high close office cover laugh.,"JavaScript, Python, Excel"
27,Cindy Vaughn,scott81@example.com,001-717-282-4099,Machine season turn movie. Goal civil half certain quickly. Once little look he.,"Java, JavaScript, Python"
28,Alex Wiley,maryclark@example.org,(986)706-1542,Order partner again set understand. Career what degree.,"JavaScript, Excel, Java"
29,Victoria Payne,ywoodward@example.org,+1-559-210-7568x0092,Radio wrong rise quite idea plan. Political total treat plan rule member.,"Tableau, Java, Excel"
30,Alejandra Mendez,tbray@example.com,+1-604-848-8398x6222,Such but do middle. Miss particular my conference human book.,"Power BI, SQL, Tableau"
31,Christina Gonzalez,pattersonkyle@example.net,(903)769-3840x12679,Section case them. Fly stay coach senior general listen back dream.,"JavaScript, Java, Python"
32,Michael Brown,nleblanc@example.com,+1-764-343-0113,Majority approach play computer. Newspaper enjoy court. Own once few paper approach development.,"Excel, Python, SQL"
33,Randy Watkins,john08@example.net,+1-483-648-6283x5335,Quality pick save nice position once well. National along style matter protect short.,"Tableau, Python, Java"
34,Eric Walters,laurahughes@example.com,640-394-4264,Foreign week whom occur painting reason. Model energy fall mean peace million bill approach.,"JavaScript, Python, SQL"
35,Angela Ellis,smithnicole@example.net,926-832-5052x03215,Section four item positive. Skill collection expert sort Mr indeed. Animal treat she would.,"Excel, Tableau, Python"
36,Christina Price,dwright@example.net,(281)839-8919,East appear special suffer. Live really practice perform.,"Tableau, Python, Java"
37,Anthony Johnson,zbell@example.org,(940)972-9067x597,Economic daughter remain establish official. Set reduce table economy.,"Java, SQL, JavaScript"
38,Michael Johnson,hartjimmy@example.com,001-606-838-0563x587,Artist doctor hear great power. Scene poor rate voice decade although leader.,"SQL, JavaScript, Power BI"
39,Jacob Blankenship,carlos22@example.com,+1-500-573-8892x4933,Property strong six employee beautiful help. Firm seat strong bar late reduce.,"Tableau, Python, Excel"
40,Steven Allen,droberts@example.net,001-654-477-1670x87403,Present develop suffer. Kid specific own.,"Power BI, Tableau, SQL"
41,Jamie Monroe,robertsonrichard@example.org,6448936963,Customer someone red beyond let. Democrat treat add skin key. Guy animal value minute tonight.,"Python, Java, SQL"
42,Luke Duarte,katherine23@example.com,402.965.8719x8803,Magazine similar energy compare one. Decision budget very star news.,"Tableau, Excel, Java"
43,Deanna Ramsey,rbarr@example.net,001-204-539-8020x95854,"General customer later through.
Level last meet performance. Man law gas serve want image.","Tableau, SQL, JavaScript"
44,Michael Martinez,ryoder@example.com,673-689-8465,Here majority miss society. Score clear trial positive this.,"Python, SQL, Java"
45,Kenneth Moore,pferguson@example.net,(815)728-1107x095,Drug where ever street ready. Television different truth scientist above.,"Excel, Tableau, Power BI"
46,Danielle Williams,mayala@example.net,+1-777-587-9058x33621,Outside poor long. Situation school nice drop administration tax. Goal produce management.,"Tableau, Excel, SQL"
47,Tiffany Knox,smithroger@example.org,(530)697-2539x15513,Behind manage least plant manage worker. Agreement necessary glass find. For Mr son lot be eat.,"Python, Excel, Java"
48,Andres Flores,margaretryan@example.org,(335)773-6106,Source bar offer without kitchen enough easy. Study believe kid dinner note effect store.,"Python, JavaScript, Power BI"
49,Janice Ryan,cody31@example.org,(995)390-8763x5758,Popular result one hit.,"Excel, Tableau, Python"
50,Matthew Gonzales,heatherreed@example.com,(333)593-2786,Yard cup develop parent cost bag. Box its bill senior. Far production floor speak out late social.,"Tableau, Python, JavaScript"
51,April Black,antoniopeters@example.com,(946)575-2076x677,Beat close anything machine black government heart. Bit sometimes food near understand whole.,"SQL, Python, Excel"
52,Kimberly Scott,jeffreysnyder@example.net,888.299.6034x93184,Child strategy only act fact win they. Better avoid represent decade remain.,"SQL, Tableau, Java"
53,Cindy Parker,lopezmartin@example.org,939-659-8353,Official might body water market argue between. Never gun direction if score and southern.,"SQL, Python, Power BI"
54,Louis Bruce,sara10@example.com,206-467-3472x8357,Protect information school short them art at.,"SQL, Tableau, Power BI"
55,Alexander Vincent,michael35@example.com,213.907.8689x6218,Size worker born happen. Level someone culture imagine.,"Excel, Tableau, JavaScript"
56,Ashley Mitchell,srobinson@example.org,680-763-5314x263,Part pattern ready yard everybody billion space. Real store individual customer after six degree.,"SQL, Python, Power BI"
57,Mark Williams,julie52@example.net,7995937172,Recently method break nice. Establish small computer assume find.,"Tableau, Excel, JavaScript"
58,Margaret Patterson,moorejason@example.org,+1-226-773-5738x88202,Reach move write particular. Year simple ready within message sit success city.,"Java, Power BI, SQL"
59,Rebekah Jones,jennifermorton@example.net,(526)229-3035x067,Hair own prepare eat scientist. Relationship term travel everything however point by.,"Java, Excel, Tableau"
60,Melinda Burns,kaitlyn90@example.org,7752891774,Body close bank enter figure level beyond.,"Python, Power BI, JavaScript"
61,Holly Williams,qhorne@example.com,001-592-435-5946,Modern can Mr open day.,"SQL, Java, Tableau"
62,Christopher Allen,berryjim@example.net,7436184142,Participant fly senior. Good floor president main. Science detail partner light.,"SQL, Java, JavaScript"
63,Shawn Martinez,clarkjuan@example.net,4316782274,Wind research join. Our face answer show stage impact new. Then top lot.,"Java, Excel, Power BI"
64,Adam Perez,aking@example.net,(733)971-1183x1324,School forget factor money none. Though practice audience hope. Sister realize yes.,"SQL, Power BI, JavaScript"
65,Samantha Romero,epearson@example.com,001-845-322-1978x2447,Goal size truth. Week go store.,"Power BI, JavaScript, Python"
66,Calvin Stokes,stephensanna@example.net,962-843-4096x209,Congress edge right sign. Personal concern believe chance senior late.,"Power BI, SQL, Java"
67,Theresa Hansen,anthonybeck@example.com,436.938.1406,Manage hotel win let article together. These significant social catch down during everybody.,"Excel, JavaScript, Power BI"
68,Lisa Knapp,brendasmith@example.org,(719)997-6178x63362,"Agreement part theory. Question pass have power character watch.
Push situation poor plan avoid.","JavaScript, SQL, Python"
69,Dana Simpson,breannabaker@example.com,(372)923-2970x2362,However free girl far money hard. Society smile reveal mind fire feeling.,"Python, Excel, JavaScript"
70,Rodney Frye,johnsonjohn@example.org,4519537095,Television discussion pull.,"Excel, SQL, JavaScript"
71,Madeline Brown,nguyenandrea@example.org,001-353-652-5076x748,"Majority begin else. Expert citizen various surface plant.
Box so owner total trial.","SQL, Excel, Power BI"
72,Caleb Lloyd,robertrussell@example.org,507-767-6505x1168,Bar clearly cost right because board. Mind throughout person scientist.,"Java, Power BI, Excel"
73,Kathryn Johnson,pearsondebra@example.com,(593)460-4766,Authority how agent bad some. Benefit base tend.,"JavaScript, Power BI, Excel"
74,Sean Griffin,brooksrachel@example.com,469-674-6721x15602,Must speak plan skill. Him win think hot like operation court. Good include foot recently out.,"Tableau, JavaScript, Java"
75,Andrea Smith,toddangela@example.net,8539354310,"Project response explain issue.
Court remain our local early. Customer single responsibility air.","Python, SQL, JavaScript"
76,Nicholas Scott,qsingleton@example.org,+1-962-738-0501,Beyond successful offer start and thus. Property country owner movie sing.,"JavaScript, Python, Tableau"
77,Michael Silva,astewart@example.com,295.936.5628,Hundred foot party lot put. Leave push in before institution story court.,"Excel, Tableau, Java"
78,Alyssa Lawson,garciascott@example.net,2113844836,"Inside pick major staff.
Grow structure box.","Tableau, Java, Excel"
79,Cynthia Norton,davidsonjohn@example.net,(337)985-2236x2096,Shake happen others hard learn. Sound professional manager unit car turn total have.,"Python, Excel, JavaScript"
80,Tara Proctor,laura11@example.net,295.322.0990,Ahead spend wonder hair. Soon head realize start effort.,"Java, SQL, Python"
81,Cory Miles,jennifergarcia@example.org,(416)376-7206,Dream lot she middle special fear land.,"JavaScript, Java, SQL"
82,James Nicholson,stanleymarilyn@example.org,526.284.3781x7263,Class anything plan half standard get. Poor car product our foreign commercial.,"Python, Tableau, Java"
83,Spencer Richmond,johnsonkaylee@example.com,001-685-611-0333x809,Run black medical appear. Long social anyone.,"SQL, Tableau, Python"
84,Tracy Russell,zbautista@example.com,+1-388-520-5484x550,Option consumer right generation which part answer. Prove truth simply beautiful fire very listen.,"Power BI, JavaScript, Java"
85,Stephanie Patel,joshuagraham@example.org,001-277-433-6333x21598,Leader face subject whose TV me. Spring base deep again.,"Python, JavaScript, SQL"
86,Kelly Melendez,millerbrian@example.com,001-796-989-2632x694,Story own situation wait ten role institution toward. Catch free watch indeed tend but.,"Excel, Power BI, Python"
87,Sarah Moody,maureencontreras@example.net,(604)906-8288x84690,Under though less manager my.,"Java, JavaScript, Tableau"
88,Kimberly Obrien,johnsonrobert@example.org,+1-299-520-4993x53750,She president other personal environment less care. Maintain blood country list pressure.,"Java, Tableau, JavaScript"
89,Courtney Long,connienelson@example.com,256-363-9708x1846,Tv foreign until floor whole heavy. It music image listen include particular live.,"Java, Tableau, Power BI"
90,Jason Hughes,hcardenas@example.org,906.681.3082,Help trial operation sure phone south ago although.,"Power BI, Tableau, Python"
91,Deborah Andrews,ryan94@example.net,(613)304-9839x8518,Child lay financial threat. Check big impact image show.,"Power BI, Tableau, Java"
92,Brenda Lyons,hwilliams@example.net,001-402-554-6950x7559,Number thought line want generation build. Drug party lawyer.,"Python, Excel, Power BI"
93,Steven Gonzalez,bryancollins@example.com,395-720-8681x301,Own book their at deal. Garden people increase seven age service move process.,"Tableau, Java, Power BI"
94,Evelyn Romero,floreshunter@example.org,+1-301-403-1464,Wide feeling option collection picture common. Prove decade threat white nor respond.,"Excel, SQL, Tableau"
95,Luis Hunt,anthonymichael@example.com,+1-790-325-5209,Religious simply idea foot case evening city. Entire structure another. Toward easy worry public.,"Java, Python, SQL"
96,Keith Mckinney,ryanchristy@example.org,+1-349-564-3638x482,Level end project life camera. Show trouble reason which interest leg us give.,"JavaScript, Python, Power BI"
97,Willie Lopez,jenniferwhitaker@example.org,3518848435,However national risk small. Watch same probably born his.,"Power BI, Java, SQL"
98,Gregory Donaldson,ryanfreeman@example.net,5445553970,Attention radio set loss. Need stop perform. Face decide husband at lay discover.,"Tableau, Python, SQL"
99,David Walker,sarah57@example.com,001-595-505-6294,Friend court town arrive. Hair land consumer sell direction look.,"Java, JavaScript, SQL"
100,Anthony Jones,christine11@example.com,3705844491,Item goal subject admit carry. Approach interview network. Since live three better.,"Tableau, JavaScript, Power BI"
101,Jaime Curtis,copelandbrandon@example.com,238.724.9715x010,Head unit will along become. Rock community friend order watch nor. Available sister hundred.,"Java, SQL, Excel"
102,Joseph Rhodes,jeffreycole@example.org,757-271-2380,Bed hard show force wife. Anything with everything exist material space. Three no weight page road.,"Tableau, Java, Python"
103,Amy Rhodes,johnsonronald@example.org,354.879.5632,Almost hope school five. Customer offer society. Study until stuff various long.,"Python, Java, Excel"
104,Brenda Smith,dillonsergio@example.org,941.586.6838x32796,Later four cut. Gas behind subject phone manager bad.,"Java, Excel, Power BI"
105,Johnny Mahoney,davidjefferson@example.net,620.535.4441x524,You responsibility forget. Wrong employee sit own perform. Treat focus investment range cell late.,"Tableau, Excel, JavaScript"
106,Dana Smith,mark78@example.net,+1-525-591-3138x10223,Fear down give appear. Against system old operation great him could.,"Power BI, Excel, JavaScript"
107,Brian Barton,melaniedaniels@example.net,+1-484-424-5898x00903,"Group lot measure.
Forward line present see. Parent investment year free fund go simple.","Tableau, Java, Power BI"
108,Stacey Wright,robert81@example.net,4432829170,Not maybe or easy generation state weight show.,"JavaScript, SQL, Python"
109,Jacob Ellison,stanley24@example.net,277.998.3657x48403,Sound hot election cup read require late.,"Tableau, SQL, JavaScript"
110,Mrs. Mary Ruiz,lindsaydavis@example.net,567.460.4089,I field young offer theory bed reveal. Throughout involve somebody which understand among.,"Python, SQL, Tableau"
111,Leslie Ramirez,herbertthomas@example.net,962.280.7692x948,Not staff hair civil. Stock staff remember face no.,"JavaScript, Excel, Python"
112,Michael Nelson,williamsmichael@example.com,(804)259-5094x460,Opportunity Mr which before man south through history. Skin move floor address firm director list.,"Excel, Java, Tableau"
113,Gregory Mendez,susanbauer@example.org,+1-608-223-4163x063,Close man because its chair research.,"Excel, JavaScript, Power BI"
114,Jeremy Parker,fvalenzuela@example.net,890-493-1328,Hour TV hand night one plan measure. Medical mouth sure what listen father take.,"Power BI, Excel, Python"
115,Laura Mckay,rhondalewis@example.com,8815784059,Result public style hit will. Million public suggest positive give. Sport heavy present ability.,"JavaScript, Power BI, Java"
116,Teresa Williams,mmontgomery@example.net,+1-830-392-4129x1207,"Born very same environmental.
Could manager dog film popular offer.","SQL, JavaScript, Python"
117,Glenn Carter,michellenewman@example.com,+1-926-206-4044,Degree break movie feel consider. Guess song edge imagine Congress art purpose.,"Java, Excel, SQL"
118,Amanda Collier,sandovaljeffrey@example.com,(769)998-2573,Could know material at pay. Born against hospital these.,"Python, JavaScript, Excel"
119,Kristin Sullivan,ebates@example.net,559.792.6604,Mouth national race population. Assume win last international term.,"Python, SQL, Excel"
120,Eileen Lawrence DVM,jennifercook@example.com,620-436-4095,Option company finally wind article. Then between sign bad. Pass whatever road remember.,"Tableau, Python, SQL"
121,Shawn Jimenez,brockmichelle@example.net,467-491-5277,Management north manage white little. Song wrong talk tree.,"Python, Java, Tableau"
122,Phillip Perez,samantha83@example.org,001-371-246-7217x5139,Consumer necessary himself international together former order top.,"JavaScript, Power BI, Tableau"
123,Jesus Holmes,langcaitlin@example.net,825.544.0652x2872,Loss miss easy public however but education. Mind her before night.,"Tableau, Java, Excel"
124,Eddie Wilson,samantha10@example.com,6594903074,Bad girl up. Hour action civil arrive speech security radio.,"Java, Excel, Python"
125,Austin Chambers,warrenchristopher@example.net,001-201-346-2942x86843,Save food south weight often player picture. Fear analysis interview. Receive rate red no drug.,"SQL, Java, JavaScript"
126,Carmen Poole,justinwalker@example.org,(541)625-4478x48188,Certainly or west. Country game must mean account old. Goal air task what.,"SQL, Excel, Power BI"
127,Dustin Brown,zbeasley@example.org,+1-587-906-5076x343,Seek sure where small marriage boy.,"Excel, Power BI, Python"
128,Mr. Angel Crawford,melissavaughn@example.org,001-436-697-5519x71403,Almost at stop down concern develop. Heavy inside them east.,"Tableau, Power BI, SQL"
129,Kimberly Potts,kevin37@example.com,8357297972,Task support present themselves. Win thought production away arm middle people.,"Excel, Power BI, Tableau"
130,Brian Gonzales,ucollier@example.com,427.200.1958,Pull current ago sing civil turn option around. Identify fast just before.,"Power BI, SQL, Python"
131,Ryan Parker,beasleyheather@example.net,001-828-850-6589x855,"What reason line threat visit.
Before generation hour all side wish account.","SQL, Excel, Power BI"
132,Tara Johnson,ianweaver@example.com,001-440-511-0960x5139,"If pull paper our hot. Season entire commercial strong technology.
Pattern physical argue quality.","SQL, Tableau, Power BI"
133,Kelly Stewart,richard69@example.net,(293)709-1160x1318,Stuff but plant these goal imagine. North positive citizen I rise wide spend. Until begin not.,"Python, Excel, SQL"
134,Shannon Hutchinson,ofox@example.org,553-470-9999x531,Partner seem government wide special alone miss join. To door once sort manage raise somebody.,"SQL, Python, Excel"
135,David Woods,rrivers@example.com,001-446-628-2774x594,Star tree head imagine top. Old local shoulder drive act wait resource. Staff spend the media.,"SQL, Excel, Java"
136,Joseph Munoz,iking@example.org,3529923308,Maintain few break hot say camera. Their road continue magazine available.,"JavaScript, Python, SQL"
137,Ms. Christine Williams,juliegriffin@example.net,(255)393-7383x594,Pattern into already step camera. Apply per Congress theory water.,"JavaScript, Excel, SQL"
138,Suzanne Paul MD,pmcdaniel@example.org,001-626-681-7365,Already read network. Chair detail upon follow culture reality.,"Java, JavaScript, Power BI"
139,Robert Cummings,norrisrebecca@example.org,684.238.2897x077,Glass mind book rich forward draw. Front detail personal family somebody close lay game.,"Java, Excel, JavaScript"
140,Kenneth Carpenter,lhamilton@example.org,001-579-296-5044x0431,Carry stage maybe on. In near west not.,"Java, Power BI, SQL"
141,Mark Scott,cbarnett@example.net,001-232-902-1441x4231,Rich enough scene. Among reach perhaps summer various rock.,"Power BI, Tableau, SQL"
142,Alexander Gutierrez,shanson@example.org,851.514.4515x7222,Well hair high law eight end way. Himself every meeting wonder.,"Tableau, JavaScript, Java"
143,Lindsay Rodriguez,murphyjessica@example.net,497.929.5317x31684,Very recognize bag Mr my. Write every magazine increase personal. Staff billion magazine ball.,"Tableau, Power BI, SQL"
144,Christopher Acosta,lmichael@example.org,300-697-3317x234,Clear authority health collection. Media actually per administration.,"SQL, Excel, Power BI"
145,Ashley Hanson,marymelendez@example.net,935.851.1133x77833,Time who may. Beat man method paper. Box such energy per because television.,"SQL, Python, Java"
146,Donald Lawrence,darren14@example.org,001-538-352-5998x2527,Never prove education start. It these concern enter later challenge. Man gun image show on notice.,"Power BI, Java, JavaScript"
147,Kristin Bauer,quinncarlos@example.com,+1-512-375-9369x729,Goal then performance. Fly whole mother event camera cause each.,"Java, Tableau, Excel"
148,Alejandro Moore,dlewis@example.net,675.848.1703x087,Right this best floor avoid.,"Python, Excel, Java"
149,Darren Atkinson MD,lmcneil@example.com,001-585-872-0590x19125,Those may physical work executive. Power better effort cause current. Look according once send.,"JavaScript, Excel, Power BI"
150,Mrs. Pamela Kelly,quinnleslie@example.net,+1-854-908-0068x8845,Better study mother edge.,"Excel, Java, SQL"
151,Keith Lopez,valentinekathy@example.com,+1-434-654-9027x7913,Then politics skin include election. Through paper toward really relationship speech serve respond.,"Tableau, Excel, Power BI"
152,Martin Parsons,reginawilliams@example.net,500.475.8295x436,Improve skill behind line board. Goal should wonder.,"Python, Java, Tableau"
153,Perry Terry,kjones@example.com,+1-661-524-4167,Note air identify without pretty hope research.,"Java, SQL, Power BI"
154,Gary Reyes,fernandezamanda@example.net,001-583-962-0322,Write act always beyond cover degree. Daughter four population stand wonder against coach.,"Python, Java, Power BI"
155,James Sandoval,phyllis04@example.com,001-916-739-4322x48554,Skill consider yourself run rate keep return. Ball sure around approach return campaign reach.,"JavaScript, Power BI, Python"
156,Matthew Smith,amy15@example.com,(792)921-1347,Arrive best do. Attorney security old bill up.,"SQL, Excel, Java"
157,Megan Taylor,kennethfigueroa@example.org,+1-636-371-8807,Develop purpose bank yourself. Option hard really.,"SQL, Excel, Power BI"
158,James Murray,wdennis@example.com,(261)623-6992x18802,Minute onto send industry he certainly. Great grow need.,"Excel, JavaScript, Tableau"
159,Sonya Hendricks,mmyers@example.com,4776215073,During feel evidence care. Control subject west word.,"JavaScript, Tableau, Java"
160,Cameron Conway,andrew14@example.org,5218744153,"Various prepare seem their. Learn program true about suggest.
Table us head would remember you.","Tableau, JavaScript, Excel"
161,Laura Little,qscott@example.com,3816087088,Speech leader feeling us catch trial. Stay listen few foreign agency.,"Python, Java, Tableau"
162,Antonio Paul,woodwardheather@example.com,691.418.5253x7893,State notice town during third woman cut. Difficult watch natural he focus.,"Power BI, SQL, Tableau"
163,Rachel Butler,lloydrebecca@example.org,7486858879,Someone travel discover improve writer again. Able involve evening network. Away market range.,"SQL, Python, Tableau"
164,Kenneth Lin,anna34@example.org,+1-752-735-9476x128,Me long name oil score usually. Call check perhaps understand magazine.,"Tableau, Java, SQL"
165,Laura Brooks,rbarton@example.org,(690)738-5894x3006,Same person crime at evidence. Up fire personal dark.,"Excel, Tableau, Java"
166,Jeremiah Valdez,kochcarl@example.org,(706)848-8709x3804,Player marriage meeting exactly. Find at fund billion.,"Excel, Power BI, Tableau"
167,Laurie Brown,vcampbell@example.com,001-247-460-1291x062,Him team section character subject region. Available build something television.,"Tableau, Python, Excel"
168,Brandon Miller,rebecca57@example.org,001-239-981-1966x9159,Foreign hot almost serious. Tax point worker.,"Tableau, JavaScript, Java"
169,Jerry Lewis,hbrady@example.org,(953)383-4070x52324,Dark mouth none choice law. Kitchen serve product include.,"Python, SQL, JavaScript"
170,Karen Munoz,liujoshua@example.net,4236333208,Every prove though industry. Billion carry job available. Soon set policy employee operation.,"Python, Java, Power BI"
171,Kristin Clay,murrayrebecca@example.net,757-818-4456x23877,Own prevent without police answer red kid. Member remain bag impact.,"JavaScript, Excel, Java"
172,Stephen Johnson,mackrobert@example.org,001-744-633-5991x7060,Hospital whole kitchen. Rock require all away specific.,"SQL, Python, Excel"
173,Michael Spencer,zlopez@example.org,(398)550-2575,Expect her game boy land point. Nation long ago perhaps. They really everybody lead leave lot.,"Python, Tableau, Power BI"
174,Joshua Jenkins,blackwellkevin@example.net,(972)261-2530x04076,Office if now practice available American. Blue move cost. Arrive push take social study will both.,"Excel, Python, SQL"
175,David Alvarez,umiller@example.com,473-613-9384,Them fall specific matter investment. Read see job success.,"Excel, SQL, Power BI"
176,Lacey Jackson,ericfreeman@example.com,384-777-0127,Second decision protect forward.,"Power BI, JavaScript, Tableau"
177,John Thomas,dillonconnie@example.net,(364)282-7752x129,Push always officer east long. Happy range despite.,"JavaScript, Excel, Tableau"
178,Eric Lambert,jacobduran@example.net,001-823-710-1317x1959,Direction arrive trade agency available. Hour may perhaps certain ball common everybody later.,"Power BI, SQL, JavaScript"
179,Robert Watkins,ronald81@example.org,(440)629-8506,Newspaper shake or season recent or. Throw career thought network vote hundred.,"JavaScript, Python, Tableau"
180,William Reynolds,yjoseph@example.com,+1-856-458-2193,Recognize loss son same table. Song society policy science fly wish time. Effect a under control.,"JavaScript, SQL, Excel"
181,Joshua Cox,walshkevin@example.net,(977)660-6970x59923,Phone right mind part win budget chair seem. Heavy everything season financial.,"SQL, JavaScript, Java"
182,Donald Avery,twest@example.org,001-525-260-9426x7499,Nation effect owner white develop really five. Natural leg over go method anyone.,"Excel, Power BI, JavaScript"
183,Mark Cole,davidsonjason@example.org,+1-496-359-2419,Important how cup baby dream. Challenge current political write watch hit part image.,"SQL, Power BI, Tableau"
184,Lisa Sandoval,smithchristopher@example.com,001-598-699-4451x14602,Improve still art source sing avoid protect. Reason lot half send produce.,"JavaScript, Power BI, Python"
185,Gabrielle Beltran,barberkim@example.net,473.246.0862x58415,It break order weight. Return among road news.,"Tableau, SQL, Power BI"
186,John White,priceleslie@example.net,438.832.8205x79475,Back yourself program add purpose.,"Tableau, Excel, JavaScript"
187,Elizabeth Marshall,jmccullough@example.com,(693)979-4638x962,Large television shoulder our call cause. Radio region call allow.,"Excel, Java, Python"
188,Nathan Anderson,diana96@example.org,672-643-6970,Each my economic though information with. Source wrong room during certain bank.,"SQL, JavaScript, Tableau"
189,Amanda Collins,jenniferyoder@example.org,421-265-4327x90787,Both industry second ready. Technology both citizen cell cover.,"JavaScript, Java, Excel"
190,Yvonne Davidson,timothywilliams@example.com,001-383-860-7541x4892,Head fly eye. Mean to though issue see. Car small for vote us.,"Power BI, Python, SQL"
191,Luis Cuevas,thomasheidi@example.net,676-979-3371,Resource computer current heart your. General before into it analysis perform north.,"Tableau, Java, SQL"
192,Thomas Nelson,qgray@example.com,865.650.4852x794,Cold gas it for. Couple start program live scene might reality. Your take add guy.,"Power BI, Java, Python"
193,Jessica Ochoa,gillespietina@example.net,+1-604-633-9383x125,Available worry note. Hundred as wait dog cost. Left star accept coach main option test.,"Python, Excel, Tableau"
194,Jonathan Mata,tbrewer@example.com,895-385-9883x6514,Stand official inside. Want here mind late.,"SQL, Power BI, JavaScript"
195,Tiffany Calderon,fthompson@example.com,(416)629-1308x75818,Television mind able stay say question instead inside. Fill close cause.,"Java, Excel, SQL"
196,Scott Kramer,amber52@example.com,247-805-9420x8845,Whom nation hold build. Bad forward security serve nature gas role.,"Tableau, JavaScript, Power BI"
197,Kristina Holt,michaelfrank@example.org,001-736-535-7203x4636,Team mind instead across. Out campaign story cost hundred least look.,"SQL, Power BI, Python"
198,Patrick Richardson,brendarodriguez@example.org,001-817-778-4274x739,City she enter investment contain radio.,"Power BI, Java, Python"
199,Antonio Hunter,alexandrapierce@example.org,582-847-2710x189,Relationship stuff simply would magazine.,"Tableau, Excel, Python"
200,Benjamin Smith,rhall@example.com,412.632.5272,Fear here live. Example hit particularly ahead former truth. Century military if that.,"Tableau, SQL, Java"
201,Savannah Rubio,alan30@example.org,001-345-982-9918,All stand that us discussion if week. Report week detail hot million.,"SQL, Tableau, Python"
202,Kenneth Thomas,jennifer99@example.com,(857)779-6307,Condition dark case risk. Feel put amount politics hospital relationship real.,"Python, JavaScript, Java"
203,William Lang DDS,qward@example.org,394-543-9058x103,First thus these anyone offer. Manager those traditional mention top at.,"Java, Python, Power BI"
204,Allen Berry,ianunderwood@example.net,+1-672-325-7579x484,Maintain standard use region present age.,"Python, JavaScript, Power BI"
205,Carla Barnett,gpalmer@example.net,(431)254-6114x359,"Floor simple modern hold. Determine than business two set.
Property office product.","Tableau, Java, Python"
206,Kelly Page,fernandezwilliam@example.net,983.461.0085,That technology system. Consumer word apply charge.,"SQL, Excel, Power BI"
207,Daniel Macias,robertsonstephanie@example.org,(847)341-5471x482,System player here as television wide. Defense sense even dark avoid fly.,"Java, SQL, Python"
208,Krista Welch,jeffrey17@example.org,758.942.5178,Anything air news dark choice. Day level political blood. Give memory day then program.,"Excel, SQL, Tableau"
209,Patricia Phillips,charlesgray@example.com,+1-933-993-0298x111,End visit mission hear miss couple. Door agree enough develop almost concern reason research.,"Excel, Python, JavaScript"
210,Elizabeth Garcia,riosbrenda@example.net,(304)627-2462x068,"Happen pick make. Office wonder hour time.
Them edge budget you develop when.","SQL, Excel, Power BI"
211,Laura Jordan,tyler27@example.org,504.667.0066,Memory stop long idea.,"Python, Excel, SQL"
212,Nicole Decker,jeremybates@example.com,(850)840-2071,Catch view not couple expect seek father. Charge business relationship low state important.,"Python, SQL, JavaScript"
213,April Barnes,urodriguez@example.net,861.836.5744,Job laugh however machine hospital point summer. Always best green control medical.,"Tableau, JavaScript, Power BI"
214,Allison Stevens,opadilla@example.org,(604)314-4200x91119,Artist age stuff. Glass stuff parent clearly response fall. Also ready production side.,"Tableau, Java, Python"
215,Deborah Long,melissa70@example.org,779.270.4351x43284,Appear tree change despite. Across usually camera nice sort realize they. Democrat but six.,"Java, Python, Power BI"
216,Tyler Acosta,brendabrown@example.com,298-792-8028x6738,Food market mission ago well back. Door suggest history.,"Excel, Python, Power BI"
217,Mr. Luis Rose,lgilbert@example.org,+1-545-705-7912x9262,Lot peace most call crime. Dinner fast store.,"JavaScript, Power BI, Tableau"
218,Jeff Ramirez,lcuevas@example.org,001-737-519-8876x21092,Before star spend yard receive issue color. Past hit add until world own sound.,"Java, SQL, Tableau"
219,Diana Walsh,bmoore@example.net,(977)330-2728x9419,Forget become generation. Report democratic modern.,"JavaScript, Power BI, Java"
220,Kelly Decker,jhogan@example.net,5786286778,Anything commercial traditional often west. Week including prove conference forward politics.,"Tableau, JavaScript, Excel"
221,Jeffrey Burke,michaelingram@example.org,658.244.1240,Field others always many agent. Fund remain second quickly agency interview health.,"Power BI, Tableau, Java"
222,Brenda Johnson,carsonkevin@example.com,771.751.1376,Outside begin without run fill indicate. During research cell meet wall.,"Python, Excel, JavaScript"
223,Valerie Allen,valenciajames@example.net,703.617.1937,Present event support child fish soon. Also quality take benefit only wonder political.,"Excel, Tableau, Power BI"
224,Rebecca Bryant,qreed@example.org,(700)716-0003,Onto class west last responsibility. Quite trip important piece teach federal visit everybody.,"Java, Python, Excel"
225,Scott Powers,qherrera@example.net,(472)490-9221,Central Congress peace task. Its use painting court current.,"Java, JavaScript, SQL"
226,Pamela Taylor,everettandrea@example.net,349-844-7206x968,Buy on your green likely. Various charge both idea.,"JavaScript, SQL, Tableau"
227,Deborah Brown,mmiller@example.org,535-885-2138x3836,Also case argue reach score. Quality he agree animal.,"Python, SQL, Java"
228,Sara Walsh,tyler22@example.net,(855)581-8822,Subject president language total need result. According apply bill dark thank prepare.,"Excel, JavaScript, Tableau"
229,Heather Nichols,bwood@example.com,307-604-5835x434,Exactly for mouth effort. Marriage carry politics although voice everybody.,"JavaScript, Tableau, Power BI"
230,Jeff Douglas,amy65@example.net,+1-848-480-3830x66161,Natural opportunity population eight. Music professional protect ever laugh local.,"SQL, Excel, Java"
231,Diane Marks,michael58@example.com,(565)420-5643x14968,Raise discuss whatever. Office voice course. Institution market fear agency girl current soon.,"Tableau, Java, Python"
232,Karen Carter,michellemiddleton@example.net,+1-335-635-2927,Third process establish capital and provide tax. Attack white stage art evidence blood notice.,"Excel, JavaScript, SQL"
233,Mark Clark,williamdennis@example.org,(955)625-6127,"To carry almost ago. Election finish according listen law then develop.
Every rate manager law.","SQL, Java, Python"
234,Jesse Cohen,hernandezdesiree@example.com,(332)943-2542x56227,Student capital reality bad himself water lay score. Nature tend kitchen line finish language.,"Excel, Power BI, Java"
235,Michael Dixon,taylormaria@example.org,+1-638-563-3447,Street effect green young clear bar. Team note Republican until.,"Python, JavaScript, SQL"
236,Philip Kelly,james40@example.com,001-447-255-3491,Tree sometimes work. Blue paper happy yeah war manager color. Different out serious challenge.,"Power BI, JavaScript, SQL"
237,Sandra Snow,moodyamy@example.org,(436)481-8234,Idea back best point character will trial. Small growth development goal place yard only.,"JavaScript, SQL, Java"
238,Meredith Rangel,phinton@example.org,(676)971-2092x8843,Nothing positive if address buy news sea. Toward north enough born strategy huge pull.,"SQL, Tableau, Excel"
239,Timothy Alexander,wmartin@example.net,(707)990-0588,Ok determine gun machine. Day probably coach audience wrong lay.,"SQL, Excel, Power BI"
240,Tara Le,anthony71@example.com,690.824.2581,Quickly soon chair north sell sell level.,"SQL, Java, Excel"
241,Ivan Stanley,suarezandrea@example.org,+1-734-320-3608,As show audience truth American play thousand. Develop development maintain late.,"Power BI, Java, Excel"
242,Melissa Murphy,john30@example.net,200.416.9664x18585,Perform responsibility record feeling page care many. In project medical fill media hundred.,"SQL, Python, Tableau"
243,Melissa Patel,uhardin@example.net,+1-262-692-3389,General decade accept production. Public night large agree health former.,"Excel, JavaScript, SQL"
244,Keith Brooks,wilsontammy@example.com,380-506-2728x23564,Fire though or value message. Care assume quality east. Behavior wind concern loss safe few.,"Excel, Power BI, Java"
245,John Blake,richard90@example.com,827.839.8350x01687,Hotel send which benefit hundred heavy somebody. Beyond all feel realize.,"Excel, JavaScript, Python"
246,Amanda Black,josephsara@example.org,+1-352-329-5717x022,Yard them official start nice. Base table our people training nor hair.,"Power BI, Excel, JavaScript"
247,Gary Doyle,johnsmarissa@example.com,+1-993-493-7388x031,Direction list poor however bring. Nothing about someone above.,"SQL, JavaScript, Excel"
248,Courtney Huber,jason37@example.com,8138353316,Save inside yeah budget no lawyer hand. Might others data challenge. Finally garden talk.,"SQL, Tableau, Java"
249,Ashley Golden,kenneth25@example.com,510-854-7112,Word two summer range animal among simple.,"Python, JavaScript, Excel"
250,Lisa Garcia,zlevine@example.com,001-915-314-4499x01502,Laugh skin worry fill fund recognize.,"JavaScript, SQL, Excel"
251,Kimberly Williams,mariamartinez@example.org,592.396.1204x86787,Whatever small dinner natural term use for.,"SQL, Java, Tableau"
252,Elizabeth Cabrera,elizabethgray@example.com,+1-420-772-9258x557,Before laugh can picture sea. Idea role many see white large technology.,"Python, SQL, Power BI"
253,Taylor Gray,frankbean@example.org,001-479-781-1985x0761,Leader everything leg actually fill. Course do first face interesting bag property.,"Java, SQL, JavaScript"
254,Roy Smith,robert44@example.com,936.561.8346x9200,Measure yard main they middle list. Yeah road defense fact. Plant citizen stage although reduce.,"Tableau, JavaScript, Java"
255,Ms. Michelle Lynch,rcarlson@example.org,675-617-6027x470,Perhaps two least politics. Wear issue much majority sure already.,"Tableau, Excel, Python"
256,Mrs. Ruth Walters MD,gpage@example.net,205.277.4449,House team others other. Effort yet use how financial theory economy.,"JavaScript, Excel, Python"
257,Jill Pena,tiffany46@example.net,+1-984-240-0913x2109,Short month not on similar. Republican imagine make whether.,"Excel, Python, JavaScript"
258,Robert Chandler,hbell@example.com,613-404-3587x66210,Or their why somebody across contain policy. Red everything resource. Long vote party town person.,"Power BI, Excel, SQL"
259,Jason Sullivan,katie59@example.net,(236)268-1129,Guess almost effort ground possible. It yet land art machine to energy. Choice send effort stay.,"Java, SQL, JavaScript"
260,Victoria Hernandez,twoodard@example.com,001-401-609-2812x3166,Available through listen another enough certainly center. Many north training need safe.,"SQL, Tableau, Python"
261,Crystal Bennett,joshua40@example.net,+1-952-896-9691x83319,Up heavy quickly. Make young identify represent. Affect opportunity rich deep billion.,"Power BI, SQL, Python"
262,Kelsey Mann,angelataylor@example.net,815-489-5147x3229,Box direction pattern hear also. Production source thing.,"Excel, Power BI, Python"
263,Jason Lopez,brian46@example.org,297-505-0273x914,Point interesting south effort. Guess value wonder girl.,"SQL, Python, Excel"
264,Rebekah May,phillipskayla@example.com,641.881.6471x003,Prevent form consumer me especially laugh. Improve wind message.,"JavaScript, Excel, Power BI"
265,Amber Perkins,caldwellbriana@example.org,931.699.0539x880,Movie study set. Travel any none others sell hit himself. Event war fire.,"Power BI, JavaScript, Excel"
266,Cynthia Clark,joshuayoung@example.net,743-543-3481x1991,Themselves drug read can star. Particular hour expert direction certain.,"Python, Power BI, SQL"
267,Barbara Fields,richardgregory@example.org,570-572-0947x1861,Evidence herself grow Congress. Career leg consider effort business whom think.,"Java, Tableau, SQL"
268,John Murphy,tcraig@example.com,+1-521-751-2751x46670,College simply although mission bad customer.,"Tableau, Power BI, JavaScript"
269,Victoria Johnson,cuevasricky@example.org,296-596-8768x4171,Several in morning program week partner paper.,"Python, Excel, Java"
270,Edward Davis,sgarcia@example.net,(759)244-1065,Force color measure heart. How few evidence project herself executive water.,"Python, SQL, Tableau"
271,Andrea Yu,christine70@example.com,795-475-2084,Tough discuss effort wind once. Young dark truth.,"JavaScript, Power BI, Tableau"
272,Megan Warner,lorigoodman@example.org,001-786-306-8597x15033,Conference pass table may blood. Write rest able president such.,"Excel, Java, Python"
273,Scott Thomas,deleonanne@example.net,(575)822-6056x9435,Prevent before candidate room. Me get agent east. School seek lead media.,"Power BI, JavaScript, Tableau"
274,Marco Young,torresmichael@example.org,+1-247-275-9607x80330,Quite so lawyer week discussion almost different truth. Clearly indeed away.,"JavaScript, SQL, Java"
275,David Castillo,tiffanytodd@example.com,895.210.2677,Pm offer black election reflect.,"Python, Power BI, Java"
276,Adam Peters,bradleylyons@example.com,(475)225-2559,Seem interview improve baby item hundred everything include. Draw can provide maintain whose.,"Power BI, Tableau, JavaScript"
277,Jeffery Dawson,gmcdonald@example.org,459-413-4949x28056,Final clearly reflect especially question low blood. Today others claim note member.,"Tableau, SQL, JavaScript"
278,Michelle Vargas,ujohnson@example.com,8596443203,Nation expert employee fish purpose dinner decade able.,"Python, Java, Tableau"
279,Samuel Koch,banksshawn@example.net,001-370-679-6790,Gun play then play evening company mind see. Himself strategy husband quality commercial.,"Tableau, Excel, SQL"
280,Thomas Kim,john88@example.net,(264)834-1817x099,Common notice use seat. Fire change performance training entire training.,"Power BI, Java, Excel"
281,Gwendolyn Hansen,corey67@example.org,001-522-660-1139x40237,With look expert board executive training. Day none big camera two note.,"JavaScript, Python, Tableau"
282,Jorge Stone,deborahgonzalez@example.org,(309)491-7664x08159,Data win risk current. Hundred account describe first senior.,"Tableau, Power BI, Excel"
283,Wesley Greene,kevinli@example.com,(373)203-1736,Brother performance represent often lay participant. Left throw company sister number civil voice.,"Excel, Java, Tableau"
284,Bill Burns,dawnsmith@example.com,001-453-326-0469x363,Now leader course candidate night in here. Always growth economic space skill board.,"Tableau, SQL, Python"
285,Jesse Mckinney,janice16@example.org,346-381-4737,Project control commercial. Voice official resource even down sound.,"Power BI, Java, Python"
286,Mario Mora,dsnyder@example.net,923.270.5581x5101,Analysis great often young Democrat.,"Excel, SQL, Power BI"
287,Patrick Schroeder,lbrown@example.net,804.715.1754,Most interview all. Certain look clear rich animal manager.,"SQL, Excel, JavaScript"
288,Rachel Farley,jonathansmith@example.com,9892582498,Some might set mention. Capital store concern lose way. Listen scene still federal head way.,"Python, Java, JavaScript"
289,Timothy Abbott,heathernguyen@example.com,336-966-1699x23913,Apply country car interesting. Away drive allow or deep. Attorney although visit Congress.,"Power BI, Tableau, Python"
290,Hunter Carney,ramirezwilliam@example.net,790.929.7512x5554,Fall half responsibility. Run order try see better history. Prevent leg source affect able theory.,"SQL, Power BI, Python"
291,Michael Navarro,greenheather@example.net,219.716.3398x575,Ball performance base describe million. Part threat positive range election yet structure.,"Python, JavaScript, Excel"
292,John Kemp,lanebrenda@example.com,7219536185,Attack fall some chance too region. Item term eye happy democratic.,"JavaScript, Java, Excel"
293,Danielle Nunez,elizabethbutler@example.org,001-945-357-6533,Rule available west security interest skin rather feeling. Season security note sound industry.,"Tableau, JavaScript, Python"
294,Cynthia Nguyen,laurengonzalez@example.org,894-520-0058x973,Serve somebody mean service weight consider.,"Excel, SQL, Python"
295,Jason Riddle,marcus80@example.com,954-678-8866x51870,Enjoy thought front cultural out. Those artist build weight pay up machine imagine.,"Java, Excel, Python"
296,Philip Morgan,russoraymond@example.net,+1-214-750-4374x28852,This wonder forget investment positive so Democrat. Hard perform oil ball.,"Tableau, Python, Java"
297,Tasha Young,wwilliams@example.com,+1-212-823-4575x02523,If star leave assume what. Itself young work firm.,"Tableau, Excel, SQL"
298,Sherri Thomas,mgonzales@example.com,996-612-3087x71861,Short each minute fall. Short himself best left.,"Excel, Python, SQL"
299,Cheryl Short,david71@example.net,(232)898-6609x450,Site argue discussion base. Series above democratic system season number represent.,"Python, Tableau, JavaScript"
300,Neil Newman,camachosarah@example.net,001-300-300-8174,Apply drug response.,"Excel, Power BI, Python"
301,Kenneth Moore,moorejennifer@example.org,4963065171,Poor nice significant who school. Try bit listen military age kid travel.,"Tableau, Power BI, SQL"
302,Jake Gomez,yorkcaitlin@example.net,001-694-985-7012x719,Enjoy affect prevent again stock. About and choice consumer response his.,"Java, JavaScript, Power BI"
303,Jordan Gomez,andersonjulia@example.org,001-870-339-6158,Help product ok Mrs film. People scientist him some necessary through morning.,"Java, Power BI, SQL"
304,Jeffrey Williams,brittany90@example.com,+1-722-808-0671x46339,Model whether local similar see claim. Concern represent everything. More professor data low.,"JavaScript, Excel, SQL"
305,Lisa Powell,qcarroll@example.com,978.226.7448x257,Senior perhaps opportunity huge. Concern statement shake tonight detail west join.,"Excel, Power BI, JavaScript"
306,Robert Rios,patriciayoung@example.org,644.396.5724x661,Girl move suffer third guy detail. Impact other police door.,"SQL, Java, Tableau"
307,Joshua Davis,ihess@example.net,228.636.8909x01616,Accept cover have growth. Before phone realize for country fact.,"Python, Java, JavaScript"
308,Taylor Daugherty,ramirezandrew@example.com,597.971.2444,Yard see reflect. Hand deal idea sometimes. Size pretty religious even wall water theory.,"Tableau, Java, Excel"
309,Julie Moore,pcook@example.com,6979297387,Including ever more. Sometimes number often television. Audience more bed start take.,"Power BI, Excel, SQL"
310,Amy Carr,manuel30@example.com,563-390-3042,Shake use adult often enjoy chair. Much market street anything easy present.,"Java, SQL, Tableau"
311,Tiffany Mejia,eedwards@example.org,001-552-455-0390x516,Realize buy both hundred. Civil which we character able.,"Python, Excel, SQL"
312,Douglas Manning,hamiltonadam@example.com,(222)590-0843x02187,Describe appear keep though seek.,"SQL, Power BI, Java"
313,Stephanie Guzman,kennedyjillian@example.org,7639732368,Public environment nearly though off energy. Happen response occur pressure almost.,"SQL, JavaScript, Python"
314,Garrett Williams,fitzgeraldsteven@example.com,001-941-375-0836x97313,Begin write but. Support at sure sort memory former season.,"Excel, Power BI, SQL"
315,Carmen Mendez,fowlermartha@example.org,001-688-200-7490x2636,Home fish agree interesting every. Federal more natural fill. Mind little involve agree ever.,"SQL, Java, Tableau"
316,Austin Martin,bdavis@example.org,202-928-0926,Course computer report student sign between care official. Job east class price ready prepare.,"Java, Excel, SQL"
317,Jeffrey Shaffer,ucross@example.org,001-452-332-3238x2289,Manager will our city tend usually. Must agreement production out. Edge boy one gun.,"SQL, Python, Tableau"
318,Gina Stephens,yolanda43@example.org,+1-653-611-4341x4926,Opportunity industry chair certainly. Chance ball three attention hot the other must.,"Python, JavaScript, SQL"
319,Kenneth Patterson,christopher20@example.org,492-463-5116x0595,Soldier majority mouth key everybody like message sea. Law price similar.,"JavaScript, Excel, SQL"
320,Andrea Smith,marcusvelez@example.net,732-898-0756,Edge as really occur. Note letter lot. Series four after interesting suffer law.,"Java, Power BI, JavaScript"
321,John Herring,dylan72@example.net,+1-656-385-3315x80752,Sister dark test fact leave choice.,"Excel, Python, Tableau"
322,Adriana Cruz,fhardy@example.net,(467)437-7819x2616,Morning citizen body remain decide. First as force off. Walk wife gas own face.,"SQL, Excel, JavaScript"
323,Matthew Ibarra,smithjessica@example.com,(492)806-7975,Station herself specific. Sea what next bill surface perform.,"SQL, Java, Tableau"
324,Rebecca Good,ellislauren@example.net,(440)408-1994x550,Nature enter sense alone board. Image color everything out. International baby long rest military.,"Excel, Python, Java"
325,Nathan Owen,jacqueline94@example.org,945.376.6828x2404,Individual about soon buy up service serve. Around score deep name.,"Excel, Power BI, SQL"
326,Zachary Johnson,darrellstewart@example.com,001-847-335-5562x69715,Ground voice least kitchen. Class positive business mission. Fine range prepare professional.,"SQL, Excel, Java"
327,Travis Martinez,victoriaayala@example.net,001-805-569-7376x80249,Mother mouth meet the pull I. Nation customer name by appear.,"Python, Excel, Power BI"
328,Richard Phillips,psawyer@example.com,623-350-8747x57364,Top remain effect tell yes. Member heart bank central spend yard.,"Python, Excel, JavaScript"
329,Theresa Dorsey,hfarley@example.org,299-928-2660x3380,"Fill down reality culture thus.
Same court rock huge standard interest. Special cover guess.","SQL, Power BI, Excel"
330,Keith Davis,tduncan@example.net,+1-799-586-8134x6641,Mission science knowledge cultural any tree space. Nearly next real no while like lay arm.,"Tableau, SQL, Python"
331,Jamie Owens MD,bondchristian@example.com,258-218-6191,Individual leader ability report his dark. Here year campaign so. Other along financial.,"Python, Java, Excel"
332,Toni Moss,littlemelissa@example.org,961.521.7481x66502,Become memory win able sense could. Production practice thousand management commercial focus main.,"SQL, JavaScript, Tableau"
333,Emily Hunter MD,riverajennifer@example.com,001-978-384-5043x6686,Nature usually half trouble inside chair. Almost action group.,"Java, Excel, Python"
334,William Obrien,ortizjustin@example.org,583.490.0505,Season decision join talk change send. Future away candidate start form pressure. Ten trade letter.,"JavaScript, Python, Java"
335,Heidi Cardenas,calvin43@example.com,509-608-0050x895,Against impact too just them other rate. Them go watch there high yet shake.,"Power BI, SQL, Tableau"
336,Joanne Jackson,yingram@example.net,+1-310-233-0652x86124,Run rise election believe time. Live movie top different entire sit drive.,"Java, SQL, Excel"
337,Brenda Lucas,sabrinagarcia@example.net,866-511-5380,Mother our way film. Fund wall buy door camera contain per. Ready respond view attack modern.,"SQL, Java, Power BI"
338,Leroy Decker MD,sampsonsteven@example.com,231.886.0561,"Old however air weight on.
Piece national to administration simply.","JavaScript, Java, Excel"
339,John Hamilton,vdavis@example.org,493.583.6911,Decade reveal later face international watch mother night. Program hope theory idea benefit eight.,"SQL, Excel, JavaScript"
340,Gerald Nolan,michelleclark@example.com,+1-988-429-7478,Result I lose evidence record. Financial story girl everyone role police base democratic.,"Tableau, SQL, Python"
341,Matthew Moyer,jameshopkins@example.org,483.365.9871,Pm once put it usually best. Visit development want bill black floor.,"Power BI, SQL, Tableau"
342,Sheila Johnson,heidi01@example.org,(505)658-9278x60497,Crime already case anything second inside this. Agent happy let child include my enough consider.,"Excel, Python, JavaScript"
343,Jessica Clark,miguel29@example.net,(667)533-8639x3073,"Agency current deal floor.
Yes teacher ago marriage. Measure live subject agreement everything.","SQL, Java, JavaScript"
344,Diane Pratt,steven21@example.net,402.898.9576x7955,"Mr which tax item hear break until.
Never low and across. He forward deal ago character how.","Python, SQL, Java"
345,Wendy Nelson,danielestrada@example.net,+1-731-995-0957,For situation better born.,"Tableau, Java, Power BI"
346,Claudia Turner,troyoneill@example.org,803-798-9868x2934,Audience put image star position town. Suggest on memory today experience fly take.,"Excel, Tableau, JavaScript"
347,Curtis Stephenson,valentinestephanie@example.com,904-426-3567x66620,News marriage month very hand statement weight. Plant main whom image example police.,"Tableau, SQL, Java"
348,Lorraine Wright,alan21@example.org,001-623-869-1178x55540,Low drug number high. Son through side true star develop letter.,"Power BI, Excel, Tableau"
349,Amanda Khan,rickey74@example.org,001-634-440-4582,Section these how. Knowledge upon system mean necessary something dog. He sport trouble kind.,"Java, Power BI, JavaScript"
350,John Nichols,kaitlinmendez@example.org,897.421.1830x5682,Feeling audience yeah get national put as.,"Tableau, Excel, Python"
351,Brett Lawson,edwinwilliams@example.com,673-379-5185,End before poor bring like. Poor less benefit suffer building first every.,"Power BI, Python, SQL"
352,Keith Richards,olsonmason@example.org,696.812.4616x45021,Street agreement game begin treat. Soldier eye structure return. Start particularly effect data.,"Power BI, Python, JavaScript"
353,Paul Mckenzie,angelagarcia@example.com,(977)609-3687x787,Cup me something. Style book really mind modern condition.,"Python, Tableau, Excel"
354,Ashley Jordan,mcculloughbonnie@example.com,(608)866-7126,Very baby stand myself under good reality.,"JavaScript, Tableau, SQL"
355,Collin Martin,nealbriana@example.net,968-335-0894x531,Agency guess meet from why. Agree parent character fall education.,"Java, SQL, Tableau"
356,Vanessa Jones,ewatson@example.org,284.770.6649x08800,Rich political question ten information sit culture already.,"SQL, Power BI, JavaScript"
357,Regina Griffin,laurenjohnson@example.com,6486720941,You bar administration often forward lawyer. Low gas share ready mother painting year.,"Excel, SQL, Python"
358,Donald Taylor,suttonheather@example.net,001-532-354-3619x932,Different thank several never song amount among. Small president plant social trade whom.,"Power BI, Excel, Java"
359,Janice Gregory,vwilson@example.org,+1-202-971-4896x63945,"Our decision brother score recent skill rich while.
Produce take know door scene film natural.","SQL, Python, Java"
360,Ronald Lin,leachtamara@example.org,807.626.5122,"Well ten rate western.
Region everyone quality adult air cover. Job company take.","Power BI, Excel, Tableau"
361,Crystal Huber,emily78@example.net,001-206-684-4061x2136,Two week company budget white. High young guy effect PM present raise. National least expert.,"SQL, Java, Python"
362,Stacie Allen,vhunter@example.net,574.636.2509,Make population remember stage direction. Business include position minute light recently.,"Java, Excel, SQL"
363,Christopher Mejia,morrischarles@example.net,6237929282,Design answer nation out their foreign. Their trip main contain.,"Tableau, Java, Excel"
364,Joshua Adams,smithdennis@example.com,905-367-7647,Present look offer region just. Huge run see give. Among fire since economic hundred sell.,"Java, JavaScript, Python"
365,Natalie Smith,gregorymckee@example.com,+1-599-244-7903x98185,Kid his west suddenly forward nothing majority.,"Java, JavaScript, Power BI"
366,Caroline Barker,ryanweber@example.com,(935)215-9391,Care television former radio. Thank term environment because state three voice.,"SQL, JavaScript, Python"
367,Kim Johnson,eatonamber@example.org,(431)946-6776,True lawyer town especially take.,"SQL, Python, Java"
368,Tiffany Scott,lawrencemills@example.org,+1-486-779-5131,Across option pressure focus concern upon which. Fear against east. Source require Mr item.,"SQL, Excel, Power BI"
369,David Cherry,timothy56@example.net,001-415-656-0497x70243,Less race let. Price peace bill work purpose upon recognize.,"Power BI, Python, Excel"
370,Joseph Willis,hrobertson@example.net,001-936-845-5554x32450,Tv yard experience responsibility generation discuss house leave. Big concern bar.,"Python, Java, Power BI"
371,Tracy Harris,jessica78@example.net,001-212-888-4477x370,Mean second well thank law. Character soldier purpose believe nearly radio.,"Excel, Java, Power BI"
372,Sergio James,tblack@example.net,001-975-323-1410x860,Organization consumer man character measure health. For budget middle unit raise family alone.,"Tableau, JavaScript, Excel"
373,Patricia Kim,rachelblair@example.com,841-499-1719,Moment contain rule candidate could safe. Public truth fund team.,"SQL, Excel, JavaScript"
374,John Taylor,justingaines@example.org,+1-918-852-0088x4176,Price response go commercial. At various cost fly.,"Java, Tableau, SQL"
375,Stephen Clark,gpeterson@example.org,905.704.6523,Different guy list child. Beyond a hard two. Tough wear wish research.,"Java, Excel, SQL"
376,Amy Solomon,yolanda46@example.com,(796)965-5599,Guy process affect ago truth.,"JavaScript, SQL, Python"
377,Selena Davis,gmarquez@example.net,+1-694-507-6787,Likely cover edge true perform always sound. International try always inside today between.,"Excel, SQL, Java"
378,John Johnson,lewistiffany@example.net,762.869.9548x1293,Suggest final our popular. Girl player born base.,"Tableau, Power BI, Java"
379,Craig Jones,znguyen@example.com,+1-553-992-8299x2074,When truth which know million. Teach wait what pressure write Congress either party.,"Power BI, Java, Tableau"
380,David Stein,justin79@example.net,463-920-6025x23050,Another figure Republican including often guess. Rule buy newspaper.,"Tableau, Python, Power BI"
381,Douglas Walker,wrichardson@example.com,(865)257-8319x1988,Arm effort simply he.,"Java, Python, SQL"
382,Patrick Peterson,wendy79@example.net,001-538-955-3715x46998,Exist can person claim. Training single left.,"SQL, Excel, Tableau"
383,Michelle Decker,holmesrebecca@example.com,247.915.6583x581,Everybody to use including.,"JavaScript, Excel, SQL"
384,William Owen,trujillojessica@example.net,+1-531-251-1887x9272,Protect sort group. Life strong visit number late. Couple image especially north.,"Java, SQL, JavaScript"
385,Edward Smith,phernandez@example.org,(598)423-3037,Friend avoid tend attention method admit. Look change I fear professional.,"JavaScript, SQL, Python"
386,John Brooks,frostkathy@example.com,001-829-349-1646x496,Cultural someone order true light. Focus person defense material market base.,"SQL, Tableau, JavaScript"
387,Alexandra Reed,hesspaul@example.org,853-757-9800x8803,Past article star increase modern those. After value important assume cover. Choose both anything.,"JavaScript, Tableau, Excel"
388,Michael Hanson,ybennett@example.com,(956)625-5912x6486,Hit eight PM agree tough detail.,"SQL, Excel, Tableau"
389,Andrea Wheeler,ilittle@example.org,001-919-821-0446,Nor organization company heart young. Strategy specific provide if position sense.,"SQL, Tableau, JavaScript"
390,Cathy Garza,michealpierce@example.com,233-705-8284x17122,Arm plant truth black event. Dream itself which one argue property too compare.,"Python, JavaScript, Power BI"
391,Danny Friedman,fosterjose@example.org,(293)946-0866x87724,Of lose artist work.,"SQL, JavaScript, Excel"
392,Kirk Evans,rodriguezcarl@example.com,+1-356-841-0978x69977,Know note every heavy indeed occur. Boy be offer stand painting focus.,"JavaScript, Power BI, Tableau"
393,Laura James,kyle40@example.net,(795)540-2988,Similar six loss factor hand region. Nature where until show bank down candidate.,"Power BI, Tableau, Python"
394,Joan Meadows,heather54@example.org,(280)886-6553x21148,Although nothing process son choose should sort. Head history door sell its per bit.,"Excel, Power BI, Java"
395,Mark Hamilton,michaelbush@example.org,712.277.3161x60707,Although decade help ready. Pattern finally make find small fine recently.,"Excel, Power BI, Tableau"
396,Amy Bennett,jameswilson@example.org,245-626-5040,"Specific hair too. Contain recognize imagine nearly.
Development bill better.","JavaScript, Tableau, Python"
397,Shawn Landry,umata@example.com,343.983.5141,Wind me next TV certainly important. Positive region even real would strategy coach.,"JavaScript, Java, Power BI"
398,Michael Butler,aguilarrussell@example.org,(902)308-8496x156,Conference understand ok your. Lay inside sign tough girl election environmental.,"JavaScript, Tableau, Java"
399,Anthony Nolan,ronald24@example.net,3077849337,Police who maintain spend. Decide decade course consider. Production color family address machine.,"Java, Excel, Power BI"
400,John Mckee,jenna54@example.com,+1-624-727-7223x2745,Out agreement east measure. True article mind guy you particular record.,"Java, Python, Power BI"
401,Carrie Dean MD,ritterbrandon@example.net,+1-281-247-5966x7571,He tend true interview responsibility plan military.,"SQL, Python, Java"
402,Andrew Davidson MD,marshallvalerie@example.com,001-781-720-5047x462,Turn why weight low explain. Economic tonight total best deep worker Mr. You third argue simply.,"JavaScript, Python, SQL"
403,Mallory Stewart,oharris@example.net,789-313-3716x669,Class season morning weight significant produce between. Specific election not attention lawyer.,"Excel, Power BI, Python"
404,Riley Scott,jonesallison@example.com,001-528-452-8120x8988,Dark usually him receive list successful bed. Report cell us car break issue.,"Power BI, Excel, JavaScript"
405,John Jones,latoyajohnson@example.org,001-525-909-6951x547,Thought choose summer nation hold somebody.,"Power BI, SQL, Java"
406,Angel Burton,marybarber@example.com,(795)715-5080x3959,Show store hit agency next customer.,"JavaScript, Power BI, Excel"
407,Collin Mcconnell,watsonmichelle@example.com,001-263-956-8634,Performance food example not. Building next nature someone. Team street I enough social follow.,"SQL, JavaScript, Power BI"
408,David Morris,cindy72@example.net,315-811-3678,Voice either several issue act. Far black consider cover.,"Python, SQL, Java"
409,Mark Molina,hernandezlori@example.net,751.972.2613,Material book child defense. Plan possible score deal.,"JavaScript, Python, Java"
410,Anita Martin,munozjennifer@example.org,544.506.7856,"Growth whose trip pretty similar.
Ball turn room stand event thousand little.","Java, Python, JavaScript"
411,Belinda Martinez,blackburnstephen@example.org,+1-441-742-1362x41813,Church head term charge care stop all network. Floor social move bed own story.,"Tableau, Power BI, SQL"
412,Anna Arnold,tuckeraustin@example.com,429.518.6778x78630,Crime it address behavior. Job huge than voice think ask stage. Single plant about ahead.,"SQL, Power BI, JavaScript"
413,Jessica Davis,matthewduran@example.com,525.418.4710x7586,Smile consider political pass though source entire. Subject important why detail tonight detail.,"Java, JavaScript, Python"
414,Sean Price,fcamacho@example.com,596.871.7026x7859,Analysis three bad personal after apply. Pm career civil evidence executive.,"Tableau, Power BI, JavaScript"
415,Jeremy Murray,martinezleah@example.com,+1-607-855-1044x079,Focus beautiful deep fight seek able. Coach never reflect well.,"Java, Python, Power BI"
416,Gwendolyn Diaz,richardsonpatrick@example.com,+1-913-911-5302x981,Girl in home else. Different treatment control finally. Stay process tell notice moment pass.,"SQL, Excel, Tableau"
417,Mark Morton,washingtontravis@example.com,(809)776-1728x4058,Try student show notice. Foot property environmental main. Explain condition trouble address risk.,"Java, Excel, SQL"
418,Rachel Johnson,justin81@example.com,+1-523-551-7892x174,Open our future much white ask.,"SQL, Python, Excel"
419,Brian Anthony,alex39@example.org,+1-657-313-1100x182,Upon cause property education friend president effort.,"Power BI, SQL, Python"
420,Jason Collins,alexismarshall@example.net,(590)778-3321x4609,Entire toward discussion provide. Responsibility positive hope east try western force our.,"Power BI, JavaScript, SQL"
421,Robert Pitts,brownzachary@example.net,+1-922-628-3273x2819,Rock computer team officer interview let firm. To close yes sound open next investment.,"Excel, Python, Tableau"
422,Erica Vazquez,jacobswhitney@example.net,9168797024,Everything city clearly very position.,"Excel, Python, Power BI"
423,Shannon Simpson,qjones@example.net,277-646-3891,Civil remember letter movement however light. Career pay late benefit.,"Java, Python, SQL"
424,Shannon Cook,travis16@example.net,789.296.1055,Seat above entire road blood enough film.,"Tableau, Python, Power BI"
425,Crystal Harris,afrancis@example.net,(617)201-9976,Artist wait ten financial against spring lose truth. Her phone knowledge live.,"SQL, Java, Python"
426,Jeffrey Robinson,agarrett@example.com,(941)220-3228x32059,Environmental create despite charge power opportunity. Side arm my rate.,"Power BI, Excel, JavaScript"
427,Tina Pierce,kgrant@example.com,448.605.9277,Approach successful end black move. Effect cost role without pick.,"Tableau, SQL, Python"
428,Samantha Lee,riosdarren@example.com,001-746-882-5788x60738,Hotel write player know ten old. Meet apply similar yard.,"SQL, Python, Java"
429,James Hudson,davidschmidt@example.com,359.946.0251,Civil store that message girl group town improve. Talk hit though number ability lead.,"Power BI, Tableau, Python"
430,Brittney Gates,woodjon@example.org,+1-238-779-6454x18313,Democratic couple decision. Instead girl free pass season. Mouth memory visit much court none deal.,"Java, Tableau, SQL"
431,Victor Frazier,albert74@example.com,001-620-285-0291x03806,Name kid food memory. Evening oil small leader stop.,"JavaScript, Excel, SQL"
432,Melanie Banks,hernandezemily@example.com,825-922-9325,Condition under school suggest visit late ground. Important hair size magazine store member most.,"SQL, Python, Excel"
433,Walter Thompson,james84@example.org,+1-638-601-5324x3566,"Too him writer become.
Direction daughter treatment claim seek herself.","Tableau, Power BI, Python"
434,Clifford David,qanthony@example.net,605-245-8511x3253,Above born same wide forget but. Heart style food answer black shake moment return.,"JavaScript, SQL, Power BI"
435,Kimberly Scott,douglasjones@example.net,352.449.9734x109,Take support song than father event.,"Java, JavaScript, Tableau"
436,Catherine Johnson,fwilson@example.com,9404240594,Research purpose practice structure ground. Describe since least drive short.,"Java, Excel, Tableau"
437,Mary Miles MD,zporter@example.net,583.736.6845x2805,Represent section garden officer. Specific trade could similar purpose night. Sport speak sit.,"Excel, Tableau, SQL"
438,Christine Griffin,johnhernandez@example.com,(745)268-6863x1070,See million then person song type level. None wind effect need ago may red.,"Python, Power BI, SQL"
439,Erin Jackson,phillipsjoe@example.com,+1-519-387-4796,Win glass recognize such enjoy. May discover simple reduce tell. Himself guess assume you again.,"Python, Power BI, Tableau"
440,Caitlyn Smith,dawn67@example.org,001-507-392-9286,Mention second field although cultural possible wife. Nature join test table performance act.,"JavaScript, Java, Power BI"
441,Dr. Erin Olsen,amanda89@example.org,518.307.1268,Senior sing would join join.,"Java, Power BI, Tableau"
442,Adam Coleman MD,tonya01@example.net,2794407595,Leg threat game blood. He though before goal coach both general.,"JavaScript, Tableau, Java"
443,Michael Richardson,suttonelizabeth@example.org,526.636.2310,Democratic determine side billion business very. Enter sea into decade evening.,"JavaScript, Tableau, Java"
444,Timothy Campbell,pauldunn@example.org,391-846-7266,"Born size me who.
Since station campaign save accept system force. Step cup final imagine sure.","Java, JavaScript, Power BI"
445,Maria Gutierrez,carla52@example.org,001-554-566-0641,Officer green every worry girl. Particular forward under science girl. Them hour quality.,"Excel, JavaScript, Java"
446,Michele Cook,rosematthew@example.org,765.740.5420x7020,Trial however eat prevent few every. Will much environmental education offer under.,"SQL, Excel, JavaScript"
447,Dominique Phelps,ramirezdawn@example.net,001-328-351-4973x2746,Team stock green. Must however ago different cover word happy. Fund little rest adult a a artist.,"JavaScript, SQL, Excel"
448,Joshua Werner,heather49@example.org,858.211.5687,Onto pressure sign thank. International by road mind.,"Power BI, JavaScript, Excel"
449,Calvin White,annamoore@example.org,635.697.8139x19126,Direction end week political. Size defense authority address letter oil.,"Tableau, Python, Java"
450,James Day,stephanie45@example.org,705-791-7255x1619,Face mention agent save.,"SQL, Tableau, Power BI"
451,Frank Roberts,campbellamy@example.net,(678)337-2942,Push instead outside catch right. Difference story that well prepare agreement.,"Python, Power BI, JavaScript"
452,Brian Ferguson,danariley@example.net,938-239-4556x9503,"Wrong prevent left effect serve successful star.
Hit face him become.","SQL, Tableau, Java"
453,Brian Coleman,dustinmassey@example.org,9077174629,Investment kitchen others Democrat say. Become sure line.,"Tableau, Java, Python"
454,Gregory Owens,kathleenphillips@example.com,001-641-517-0692x0447,Firm feel after may. Seven strong wrong look eye outside. Civil pass thank if stop throw.,"JavaScript, SQL, Java"
455,Marcus Gillespie,ryan89@example.com,789.236.6841,"Little result off development staff.
Hour weight data exist.","Java, Python, JavaScript"
456,Joseph Mendez,zdouglas@example.net,001-702-544-6500x56923,Particularly hundred tend leave best. Memory wrong it information improve finally.,"Excel, Python, Tableau"
457,Daniel Campbell,zachary55@example.com,001-235-215-4968,Bed PM along mother. Thus analysis however clearly resource. Member student eight picture.,"Tableau, Python, Excel"
458,Anthony Patterson,danny20@example.org,+1-272-414-0232,Begin including program structure which service personal. Structure happy once country.,"Java, Excel, Python"
459,James Weeks,lynnmartinez@example.net,2099691950,Strong instead information free grow you lay approach. Sort in three threat.,"Tableau, Excel, SQL"
460,Daniel Mitchell,keithmiller@example.com,657.807.9733x1190,Rock set these school participant. Billion participant describe agent raise arrive this control.,"SQL, Excel, Python"
461,Jonathan Jackson,briangarcia@example.com,673.386.0488x54526,Spring allow reveal herself free reason whose. Board traditional management need.,"JavaScript, Tableau, Python"
462,Andrea Horton,william84@example.org,5056118588,Long example total member. Little carry wonder understand. Become table design mind forward.,"Power BI, Excel, Tableau"
463,Scott Dunn,randy15@example.net,946-943-7633x0280,Oil economic attorney rate down protect evidence. Five do common smile draw operation leave.,"Excel, Power BI, Tableau"
464,Laura Roberts,mmcclure@example.com,998-524-0025x186,She war with personal movie me. Control up peace hear.,"SQL, JavaScript, Python"
465,Allison Hale,tracyhopkins@example.org,497.428.1285x80257,Full man well or. Feeling investment on newspaper travel film color.,"JavaScript, Power BI, SQL"
466,Nicholas Ryan,hmartinez@example.net,879.987.0737,Company will bag fly. Without same may pressure keep.,"SQL, Java, Python"
467,Ashley Smith,yparker@example.org,+1-731-491-9475x19721,Choose may once spend marriage good. Pressure the along like.,"SQL, JavaScript, Power BI"
468,Kenneth Williams,xbutler@example.org,689-858-3946,Involve economy maybe mouth.,"Power BI, Python, JavaScript"
469,Joseph Foster,berickson@example.org,001-869-598-6295,Entire explain coach tend food. Star physical majority.,"Python, JavaScript, Java"
470,John Wilson,jessica22@example.org,391.969.7384,Actually send medical now. Deep smile tonight green moment response.,"JavaScript, SQL, Tableau"
471,Marvin Perry,uking@example.net,+1-411-991-1274x914,Seven site meeting few. Type how appear certainly any keep. From last whom each make try.,"Tableau, JavaScript, Java"
472,Donald Andrade,dyoung@example.org,730-588-4650,Democrat space create. Base pull economic. Camera people remember produce wife plant.,"Python, Tableau, SQL"
473,Rachel Williams,clarkkyle@example.com,001-755-458-6985x315,Party word road. Health finish worry once direction describe size.,"Python, SQL, Power BI"
474,Natalie Moreno,johnjohnson@example.com,(759)260-2996x2858,Officer toward beyond wind. Pick study defense Mr. See under knowledge occur step quality life.,"Python, SQL, Power BI"
475,Shannon Bond,kara35@example.com,663-934-3690x619,Tax see by. Trip size structure.,"Excel, Python, JavaScript"
476,Marcia Green,ferrellmegan@example.com,(251)231-7377x899,Center face suffer however late get debate from. Dark hair college traditional radio girl.,"Power BI, JavaScript, Tableau"
477,Margaret Allen,gardnergloria@example.net,356-758-4852x3431,Those foot buy western. Too success own way create attack fire ahead.,"Python, Tableau, Power BI"
478,Steve Calderon,ashley05@example.com,+1-771-820-5494x059,She young ground two get amount. Kitchen personal check idea sound discuss price.,"Python, JavaScript, Power BI"
479,Kimberly Thompson,alopez@example.org,001-922-294-3155x94599,Result could hear kitchen type identify son. Should discuss piece laugh assume will.,"Power BI, Python, Tableau"
480,Lauren Preston,kellygregory@example.com,385.586.9139,Brother listen admit within. Rather opportunity chair reality teacher investment.,"Java, SQL, Python"
481,Clayton Henry,kevin57@example.org,(249)443-6780,Stuff carry determine son east specific. Us part child rate available beyond stuff series.,"JavaScript, Java, Tableau"
482,Laura Hill,taylormary@example.net,318-613-8321x471,Positive red need only smile yet during. Organization say very war again parent evening.,"Python, SQL, JavaScript"
483,Maria Dougherty,carlakeller@example.com,296.577.5590,Approach thing beautiful. Avoid three must share fly. Food room pick quickly every than.,"Java, SQL, Excel"
484,Kenneth Carrillo,alexisrubio@example.net,813.392.1946,Major car charge begin. Condition plan resource seven.,"Java, Python, Power BI"
485,Paige Burgess,tylerfisher@example.net,(374)562-3279,Yeah either military course data water anyone. Research leg magazine whose sell newspaper.,"Java, Tableau, SQL"
486,Kaylee Gonzalez,kellymckinney@example.com,(989)826-7273,Clearly evidence job happy. News chance blue treatment education out outside century.,"Power BI, Tableau, Python"
487,Shannon Clark,xboyer@example.net,601.524.3958x7790,Inside food medical ok. Animal at address rise member political.,"SQL, Python, JavaScript"
488,Mrs. Mary Jones,fdeleon@example.com,9836449002,Pay civil beyond finish spring interest identify.,"Excel, Java, Python"
489,Ricardo Jones,donald83@example.net,001-289-558-0610,Station best century focus finally everyone bar. But positive half late child away.,"Excel, JavaScript, SQL"
490,Willie Stanley,gromero@example.net,865.265.0549x7992,Activity six music claim support open. Nature the well detail hold ahead there.,"SQL, JavaScript, Python"
491,Steven Williamson,dwilliams@example.net,001-637-749-0860x0176,Wall culture piece sure pressure. Technology kitchen us magazine itself issue across.,"JavaScript, Power BI, Python"
492,Elizabeth Combs,duncansarah@example.net,484.471.4531x14099,Media letter green there. People us rule hospital father song.,"SQL, Excel, Python"
493,Mikayla Ponce,linda42@example.com,001-750-480-2432x456,Week then while mother scientist. Seem two I.,"SQL, Excel, Python"
494,Michael Mitchell,gallagherjohn@example.com,647.906.5697x97928,Measure whom ok ask three view. Seek foot left.,"Java, Tableau, Python"
495,Jessica Reese,lisa09@example.com,(761)779-5722x176,Tell medical reflect race door other. Wrong clear what senior.,"SQL, Excel, Python"
496,Lisa Shepherd,oross@example.org,815-545-6803x667,Economy network TV policy. Indicate natural reach hundred brother. Within piece because drive.,"SQL, Python, Power BI"
497,George Garcia,amberfoster@example.org,+1-573-621-7449x726,Affect money class media blood. Great statement key.,"Excel, Python, Tableau"
498,James Johnson,davisdennis@example.com,6118039926,Recently though leg political. Mouth red speak work read way.,"Python, JavaScript, Power BI"
499,Gary Fuentes,zacharytravis@example.net,(229)431-3390,Common really prepare level. Box central his effect save remain.,"SQL, Java, Python"
500,Hunter Smith,denise43@example.org,3914234690,Choose me bit gun onto offer. Western writer join what fact start past today.,"Power BI, Java, SQL"
